disease_in,doctor_out,个人,擅长,相关医院,简历
血管瘤,冯柏秋,,擅长：慢性疑难皮肤病、小儿皮肤血管瘤、小儿皮肤病、银屑病的治疗等。,牡丹江医学院红旗医院,"冯柏秋，男，皮肤科副主任、主任医师、教授、 周一至周五出诊

擅长：慢性疑难皮肤病、小儿皮肤血管瘤、小儿皮肤病、银屑病的治疗等。

联系电话：13836300660"
血管瘤,亓发芝,,专长：美容手术、血管瘤、淋巴水肿、创伤、软组织肿瘤切除后创伤修复。,复旦大学附属中山医院,"姓名：亓发芝
科室：整形外科
职称：教 授
出诊时间：周一、四上午
医疗专长：美容手术、血管瘤、淋巴水肿、创伤、软组织肿瘤切除后创伤修复。"
血管瘤,叶蓁蓁,,擅长新生儿外科和小儿普外疾病的诊断与治疗，在先天性畸形及血管瘤患儿的诊断、治疗和临床营养方面有丰富的临床经验,首都儿科研究所附属儿童医院,主任医师，小儿外科专业，1956年毕业于原北京医学院医疗系，同年赴匈牙利塞买尔维斯医科大学学习，获医学博士学位。享受政府特殊津贴。擅长新生儿外科和小儿普外疾病的诊断与治疗，在先天性畸形及血管瘤患儿的诊断、治疗和临床营养方面有丰富的临床经验。
血管瘤,张勇,,擅长甲状腺疾病、皮肤血管瘤和恶性肿瘤的核素治疗以及核医学体外诊断,中山三院,"最高学历:博士研究生
毕业时间:1990年7月"
血管瘤,赵劼,,特长介绍: 小儿血管瘤敷贴及组织间注射治疗，甲状腺疾病的诊断治疗,吉林大学中日联谊医院,"赵劼
医生职称: 主任医师、副教授
所在科室: 核医学科
坐诊时间: 每周一、五上午"
血管瘤,李京宏,,对多种血管瘤及血管畸形的诊断和治疗，尤其对大范围及特殊部位的血管瘤及血管畸形（如皮下及肌肉间血管瘤、会阴部血管瘤、颌面口腔内血管瘤、肝血管瘤等），综合应用电化学疗法、激光疗法、局部硬化剂注射等多种方法的特色治疗,北京中日友好医院,李京宏，临床外科硕士，主任医师 现任国际电化疗协会副主席，国际电化疗协会亚洲地区主席，中国第三届电化学治疗学会主任委员 专业特长：擅长对多种血管瘤及血管畸形的诊断和治疗，尤其对大范围及特殊部位的血管瘤及血管畸形（如皮下及肌肉间血管瘤、会阴部血管瘤、颌面口腔内血管瘤、肝血管瘤等），综合应用电化学疗法、激光疗法、局部硬化剂注射等多种方法的特色治疗，为众多传统医学手段无法治疗的患者缓解了痛苦，控制了疾病的发展。应用超声引导下瘤体内硬化剂注射治疗肝血管瘤，避免了开腹手术的创伤，取得了良好的临床效果。将电化学疗法应用到原发及转移的良恶性实体肿瘤，为病人提供了新的治疗选择。近年来将电化学疗法推介到欧美、亚洲多个国家及地区和国内多个省市的医疗机构。 诊治范围：血管瘤及血管畸形，体表色素斑褪色、皮下及肌肉间血管瘤、肝血管瘤等；体表原发及转移的良恶性实体肿瘤，包括皮肤癌、舌癌、乳腺癌及乳腺良性包块、腹壁子宫内膜异位症等。
血管瘤,祁怀山,姓名：祁怀山,"职称： 主任医师
科室： 皮肤科
简介： 1953年出生。1977年毕业于原上海第二医学院。同年进入新华医院皮肤科工作至今。
门诊： 周一上午，周三上午，周四下午。
电话： 65790000-6750(皮肤科门诊)",上海交通大学医学院附属新华医院,
血管瘤,叶维基,,肝胆外科,中山大学附属第一医院,1961年毕业于中山医学院医疗系。长期从事肝胆外科工作，享受国务院特殊津贴专家。
血管瘤,张金山,,擅长：甲亢、血管瘤、疤痕增生等,广州医科大学附属第三医院,核医学科副主任，在读博士生。广东省医学会核医学分会委员、广东省医学会放射防护医学分会委员等社会任职。
血管瘤,林晓曦,,专 长： 整形美容、血管瘤和血管畸形、面部轮廓整形、体表肿瘤及胎记,上海交通大学医学院附属第九人民医院,"林晓曦
职 称： 主任医师、教授
专 长： 整形美容、血管瘤和血管畸形、面部轮廓整形、体表肿瘤及胎记
门诊时间： 专家门诊时间：周二上午"
转移瘤,胡荣剑,,,北京医院,"毕业于武汉同济医学院，一直从事临床医学影像诊断20年，特别是消化系统的综合影像诊断（包括常规X线, CT及MRI）多有研究，积累了相当的经验。"
转移瘤,蒋长英,,诊疗特长: 晚期肿瘤骨转移、甲状腺疾病、甲状腺癌转移、实体瘤等,复旦大学附属肿瘤医院,"姓名: 蒋长英
科室: 核医学科
职称: 教授，主任医师，硕士生导师

个人简介: 复旦大学附属肿瘤医院荣誉教授，从事临床核医学工作45年，擅长运用核医学技术诊治肿瘤，尤以晚期肿瘤的骨转移及各种原因的骨痛诊治、甲状腺疾病及甲状腺癌的转移的诊治为特色。
门诊时间: 星期四上午"
转移瘤,李威,,熟练掌握各系统疾病的影像诊断，擅长骨骼肌肉系统、神经系统影像诊断。,北京医院,1984年毕业于中国医科大学医学系本科。1999年10月－2000年10月在美国加州大学圣迭戈分校进修学习，师从著名骨放射学家Donald Rasnick教授。 毕业后即从事放射影像诊断工作，熟练掌握各系统疾病的影像诊断。
转移瘤,王杰军,,专业特长：内科、肿瘤疾病,上海长征医院,"姓名：王杰军
单位：第二军医大学附属长征医院
职称：主任医师,教授
医疗专长：内科、肿瘤疾病
专家门诊时间：星期二下午
男，现任肿瘤科主任，主任医师、教授，博士生导师。 1992年获第二军医大学内科博士学位。任上海癌症康复和姑息治疗委员会主任委员、中国癌症康复和姑息治疗委员会副主任委员、国家药品监督管理局药物审评委员会委员、解放军肿瘤研究所副所长、上海肿瘤学会副主任委员、上海市综合性医院肿瘤专题组副组长等职务。主要进行肿瘤转移及抗转移的应用及基础研究；肿瘤的化疗及生物治疗（包括基因药物）；改善肿瘤病人的生活质量的研究等。尤其在消化道肿瘤的综合治疗、抗肿瘤转移的临床研究、姑息治疗等方面取得了较大的成绩。"
转移瘤,陈志平,,从事影像诊断工作三十余年，擅长骨转移性肿瘤、乳癌骨转移、滋养体恶性肿瘤肝转移、消化道恶性肿瘤肝转移的 X 线、 CT 表现的诊断及分析。曾先后在南通医学院附属医院、南京医科大学附属医院接收省援外放化诊断培训，参加过中国援桑给巴尔医疗队。,南通市肿瘤医院,男，1968年毕业于南通医学院医疗系，主任医师，曾任放射科主任，现任南通市放射学会委员，南通医学院兼职教授。
转移瘤,王文秀,,在肿瘤诊断、化学治疗、射频消融治疗及造血干细胞移植治疗实体瘤等方面有较丰富的临床经验。在省内率先开展了骨肉瘤保肢术前大剂量MTX化疗；在省内较早的开展了原发性肝癌、肝转移癌、肺癌、肺转移癌的冷循环超强射频消融治疗，长期从事血液病的临床诊断治疗和研究工作NCMF方案治疗晚期及转移性乳腺癌效果好、毒副作用小、不脱发、费用较低廉而享誉全国。,哈尔滨医科大学附属第二医院,"主任医师、教授，博士生导师。《中华癌症姑息医学杂志》特约编辑，黑龙江省老年医学会肿瘤专业委员会副主任委员，《中华肿瘤防治杂志》第四届编委。1967年毕业于哈医大医疗系，曾长期从事血液病的临床诊断治疗和研究工作，有着深厚的理论基础和丰富的临床经验。1996年1月组建肿瘤内科，任主任。在肿瘤诊断、化学治疗、射频消融治疗及造血干细胞移植治疗实体瘤等方面有较丰富的临床经验。在省内率先开展了骨肉瘤保肢术前大剂量MTX化疗，并取得成功达到国内的先进水平与国际接轨，1997年获省卫生厅新技术应用二等奖。此后进行了近20例治疗均获得了很好的效果，首例已无瘤生存6年余，至今已参加工作。在省内较早的开展了原发性肝癌、肝转移癌、肺癌、肺转移癌的冷循环超强射频消融治疗，取得了很好的治疗效果。自行设计的NCMF方案治疗晚期及转移性乳腺癌效果好、毒副作用小、不脱发、费用较低廉而享誉全国。1998年省科委通过“九五”攻关课题一项，获资助10万元。致力于恶性肿瘤微转移病灶的免疫磁珠法早期检测研究并取得显著成果，已主持多项省市级重点课题，在国家级和各类杂志发表论文30余篇。曾多次被评为哈医大医德医风先进个人，院先进工作者，优秀科技工作者，优秀党员。
主要社会兼职：
《中华癌症姑息医学杂志》特约编辑，黑龙江省老年医学会肿瘤专业委员会副主任委员
《肿瘤防治杂志》第四届编委
黑龙江省自然科学基金评审委员
主要经历：
1962.9-1967.7哈医大医疗系
1968.8-1978.12黑龙江省孙吴县治江医院 内科医师
1979.1-1980.1哈医大二院血液科进修
1980.1-1995.12哈医大二院血液科，副教授，副主任，哈医大血液病研究所副所长
1996.1-2003.7 哈医大二院肿瘤内科，教授，主任，硕士生导师
2003.7- 哈医大二院肿瘤内科，教授，博导

出诊时间 周一全天，周四全天"
转移瘤,师英强,,诊疗特长: 腹部肿瘤，胃癌、间质瘤及软组织肿瘤。,复旦大学附属肿瘤医院,"姓名: 师英强
科室: 胃及软组织外科
职称: 教授，主任医师，博士生导师

个人简介: 1988年获博士学位，1989年曾赴美国纽约纪念癌症中心学习胃肠道肿瘤、肉瘤治疗。
学术职务: 美国ACCR会员。上海胃肠道专业委员会副主任委员。
行政职务: 复旦大学附属肿瘤医院大外科副主任
是否导师: 是


研究生情况: 已培养硕士4名，博士1名；现指导硕士博士5名


门诊时间: 星期二上午、周二下午（特需）"
转移瘤,吴瑾,,专业特长： 主要致力于肝、胆、胰癌、头颈部肿瘤、恶性黑色素细胞瘤、肾癌、膀胱癌等的诊断及综合治疗、尤其在老年肿瘤患者的个体化抗肿瘤治疗等方面有较深入的研究，有独到的见解和经验。近三十年来，一直从事肿瘤内科疾病的化疗、生物免疫治疗、靶向治疗和中西医结合治疗的临床和基础研究。包括：食道、胃、肠道恶性肿瘤，肝、胆、胰癌，肺癌，乳腺癌，头颈部肿瘤，妇科肿瘤、泌尿生殖系肿瘤，恶性淋巴瘤，多发性骨髓瘤等。在晚期癌症病人的对症支持治疗、癌性贫血的治疗、恶性肿瘤骨转移、肝转移、胸腹膜转移导致的胸腔积液的诊断和治疗，化疗导致的恶心、呕吐及肿瘤性疼痛的治疗。同时擅长于各种肿瘤内科疾病的新辅助化疗，术后辅助化疗及多学科综合治疗，主张温馨化疗，个体化、规范化化疗，并注重此方面的研究。长期从事消化道肿瘤早期诊断，侵袭和转移预警标记物，肿瘤血管生成抑制因子，抗癌转移靶标的应用性基础研究,哈尔滨医科大学附属肿瘤医院,"吴瑾
所在科室：老年肿瘤综合（内七科）
现任职称：教授 主任医师
专家职务：科主任
个人电话：0451--88637888
科室电话：0451--86298730
1987.08-1991.08 哈尔滨医科大学第三临床医院内科 住院医师、助教 1993.09-2004.12 哈尔滨医科大学第三临床医院内二科 历任主治医师、副主任医师、副教授 2005.01-至今 哈尔滨医科大学第三临床医院内七科 主任医师、教授、科主任"
转移瘤,刘原照,,,北京医院,1987年毕业于白求恩医科大学。一直在北京医院从事肿瘤放射治疗及相关课题研究工作。1995年在美国Johns Hopkins Oncology Center学习脑瘤X线立体定向治疗治疗，回国后较早地开展X线立体定向治疗治疗工作，与此同时，积极开展X-刀相关课题的科研工作，现兼职 放射肿瘤学会北京分会青年委员；中国微创外科杂志编委；中华放射与防护杂志审稿人；浙江省自然基金专家评委。
静脉曲张,刘也,,对微创血管电凝治疗下肢残静脉曲张、肢体动脉静脉血栓、下肢缺血、动脉瘤、介入治疗血管疾病、肺部和食道肿瘤，乳腺及各种甲状腺疾病有专长。,鸡西矿业集团总医院,"刘也 血管外科、胸外科主任医师 教授,1991年大学毕业后从事外科工作，对微创血管电凝治疗下肢残静脉曲张、肢体动脉静脉血栓、下肢缺血、动脉瘤、介入治疗血管疾病、肺部和食道肿瘤，乳腺及各种甲状腺疾病有专长。获科技成果奖省级二项、市级六项，在国家级、省级杂志上发表论文多篇。

出诊时间：周一下午、周五上午"
静脉曲张,钱俊波,,擅长消化系疾病的诊治和消化系内镜的操作及十二指肠镜介入治疗等。在诊治重症急性胰腺炎、食管静脉曲张破裂出血等疾病方面积累了临床经验。,南通市第一人民医院,钱俊波，消化内科副主任，主任医师、副教授、医学硕士。
静脉曲张,张生来,,擅长： 擅长血管外科常见病如静脉曲张、静脉瓣功能不全及下肢深静脉的诊断治疗；周围动脉系统之动脉扩张性疾病、动脉瘤、动脉闭塞性疾病的诊断治疗。甲状腺疾病诊断、手术治疗；乳房良恶性疾病的诊断治疗。,上海交通大学医学院附属新华医院,"职称： 主任医师
职称： 主任医师
科室： 普外科
职务： 副主任
简介： 主任医师，副教授，博士，硕士研究生导师。外科教研室主任。2007年进入上海交通大学医学院“百人计划”人才培养。擅长血管外科常见病如静脉曲张、静脉瓣功能不全及下肢深静脉的诊断治疗；周围动脉系统之动脉扩张性疾病、动脉瘤、动脉闭塞性疾病的诊断治疗。甲状腺疾病诊断、手术治疗；乳房良恶性疾病的诊断治疗。
门诊： 周一上午，周五上午。"
静脉曲张,蔺武,,"甲状腺、胃肠道疾病、颅脑外伤急性期,恢复期,康复期治疗急性脑血管病的高压氧治疗；缺血,缺氧性脑病,一氧化碳中毒,脑血管疾病胃肠道及肝胆胰疑难危重症的诊治，食管胃底静脉曲张硬化剂及组织胶注射术、内镜下息肉切除术和狭窄扩张术及支架放置术",北京世纪坛医院,中华医学会北京中西医结合委员会委员。毕业于上海铁道医学院。 擅长胃肠道及肝胆胰疑难危重症的诊治，食管胃底静脉曲张硬化剂及组织胶注射术、内镜下息肉切除术和狭窄扩张术及支架放置术等多项内镜下治疗。对原发性肝癌及胃肠道肿瘤的肿瘤标志物进行了临床研究，对不同剂量碘油肝动脉栓塞术进行了临床研究。发表论文10余篇。
静脉曲张,赵钢,,"主要特长：
动脉硬化闭塞症、下肢静脉曲张、糖尿病坏疽、雷诺氏征、血栓性深、浅静脉炎等周围血管疾病。采用以中医中药为主，中西医结合为辅的治疗方法。多次赴日本留学，掌握本专业的中西医前沿知识及血管外科手术的新技术。熟练掌握世界先进的治疗大隐静脉曲张的透光旋切技术，具有微创（切口小、损伤小）、美容等特点。",黑龙江中医药大学附属第一医院,"赵钢，男，主任医师，教授，科主任，医学博士，硕士导师，国家重点专科周围血管病学科学术继承人；中华中医药学会周围血管病分会副主任委员；中国中西医结合学会周围血管病专业委员会委员；哈尔滨市第十三届人大代表；全国中医周围血管病医疗中心副主任；黑龙江省中医周围血管病专业委员会副主任委员；黑龙江省中西医结合周围血管病专业委员会委员；黑龙江省委保健委员会干部保健专家黑龙江省司法鉴定委员会司法医学专家组成员；
学术见解及创新：
1、基于动脉硬化闭塞症的发病机理的新认识，数年来在科室治疗ASO由原来单纯的活血化瘀，优化为建立在溶栓、降纤基础上的活血化瘀，乃至最近的同时针对静脉疾病应用抗渗出药物，疗效逐年提高；
2、同时逐步完善单病种中西医结合诊疗常规，在单病种优化治疗的方案制定与实施方面有独到的见解；
3、熟练掌握世界先进的治疗大隐静脉曲张的透光旋切技术，现已应用80余例。
4、参与完成有关蓬子菜、康脉胶囊及壳聚糖复合药膜研制的研究。"
静脉曲张,王景章,,专长: 周围血管病，如动脉硬化闭塞症，糖尿病足，血栓闭塞性脉管炎，静脉曲张，动脉血栓，静脉血栓，淋巴水肿等,长春中医药大学附属医院,"王景章
职称: 主任医师
医龄: 40 年
学位: 学士
诊室号: A0338
诊费: 31元
出诊时间：周一、三、五、六"
静脉曲张,陆华生,,擅长消化系统疾病的诊治以及各种消化道内窥镜的诊疗技术。在胃肠道息肉、食道静脉曲张、食道狭窄等疾病治疗积累丰富经验。,南通市第一人民医院,陆华生，主任医师、教授。享受国务院特殊津贴。
静脉曲张,詹世光,,甲状腺、乳腺、周围血管外科,中山大学附属第一医院,
静脉曲张,李晓曦,,血管、甲状腺、乳腺外科,中山大学附属第一医院,
静脉曲张,余维平,,熟悉血管疾病、胃肠疾病，肝胆疾病的诊断和治疗。擅长血管瘤，动脉狭窄、静脉血栓、静脉曲张的腔内微创和手术治疗。并对胃肠肿瘤、肝胆肿瘤、肝胆结石等疾病的外科手术治疗有丰富的临床经验。,中国人民解放军第四五五医院分院,余维平，医学博士，中国人民解放军血管外科专业组委员。
肝癌,钦伦秀,,,复旦大学附属中山医院,"姓名： 钦伦秀
科室：肝肿瘤科
职称：教授
出诊时间：周二下午"
肝癌,杨秉辉,,,复旦大学附属中山医院,"姓名： 杨秉辉
科室：肝肿瘤科
职称：教授
出诊时间：周四上午"
肝癌,周信达,,,复旦大学附属中山医院,"姓名： 周信达
科室：肝肿瘤科
职称：教授
出诊时间：周三上午、周五上午"
肝癌,樊嘉,,,复旦大学附属中山医院,"姓名： 樊 嘉
科室：肝肿瘤科
职称：教授
出诊时间：周一上午、周四上午"
肝癌,林芷英,,,复旦大学附属中山医院,"姓名： 林芷英
科室：肝肿瘤科
职称：教授
出诊时间：周一上午、周四上午"
肝癌,陆继珍,,专长：肝脏肿瘤的诊断和鉴别诊断。,复旦大学附属中山医院,"姓名：陆继珍
科室：肝肿瘤内科
职称：教授
出诊时间：周五上午（特需）
医疗专长：肝脏肿瘤的诊断和鉴别诊断。"
肝癌,叶胜龙,,,复旦大学附属中山医院,"姓名： 叶胜龙
科室：肝肿瘤科
职称：教授
出诊时间：周一上午、周三上午"
肝癌,吴志全,,,复旦大学附属中山医院,"姓名： 吴志全
科室：肝肿瘤科
职称：教授
出诊时间：周四上午"
肝癌,王艳红,,专长：肝肿瘤诊断及治疗。,复旦大学附属中山医院,"姓名：王艳红
科室：肝肿瘤内科
职称：主任医师
出诊时间：周一、四上午 周五上午（特需）
医疗专长：肝肿瘤诊断及治疗。"
动脉栓塞,陈伟,,恶性骨肿瘤的动脉内化疗栓塞术、盆腔肿瘤的介入治疗、甲状腺和脾脏功能亢进的介入治疗、主动脉夹层的介入治疗等,中山大学附属第一医院,
动脉栓塞,范卫君,,"主攻方向：从事肿瘤影像诊断与介入治疗
特长：
肿瘤介入诊断与治疗，专长于各种肿瘤的介入诊断与治疗，如肿瘤的化疗灌注、栓塞化疗、宫肌瘤栓塞术、动脉药盒植入术、肿瘤射频消融术、食道、胆道、血管内支架植入术、头颈部血管性病变的介入治疗、颅内恶性肿瘤的微导管",中山大学肿瘤防治中心,"1964年6月出生，医学博士，毕业于上海医科大学；副教授.
社会兼职：广东省抗癌协会肿瘤影像介入专业委员会秘书"
动脉栓塞,肖根生,,熟练各型慢性中耳炎的诊治2 熟练开展鼻腔鼻窦各种疾病的诊治.3. 熟练开展各种喉部手术的操作.4. 熟练掌握气管异物、食道异物及鼾症的治疗。,苏州大学附属第一医院,是江苏省医学会耳鼻咽喉科专业委员会副主任委员，江苏省中西医 结合耳鼻咽喉科专业委员会副主任委员，苏州市医学会耳鼻咽喉科专业委员会主任委员。
动脉栓塞,杨建勇,,影像医学与介入放射学,中山大学附属第一医院,
动脉栓塞,杨福义,,开展了颅内动脉瘤栓塞术，脑血管畸形栓塞术，急性脑梗塞动脉溶栓术的介入手术治疗。还开展了脑血管畸形（如：后交通动脉瘤、前交通动脉瘤、颈内动脉分叉部动脉瘤）、颈内动脉海绵窦漏等脑血管病手术治疗、脊髓肿瘤、脊髓空洞症等椎管性疾病；松果体区肿瘤手术、桥小脑角区肿瘤手术、颅神经肿瘤、鞍区肿瘤、颅颈交界区肿瘤、室管膜瘤、脉络丛肿瘤、阿—奇氏畸形等颅内肿瘤的显微镜手术治疗。,佳木斯大学附属第一医院,"杨福义 神经外科副主任 主任医师 硕士研究生主导师 学科带头人。
黑龙江省神经外科专业委员会委员、黑龙江省医师协会神经介入专业委员、黑龙江省神经脊柱科学学会副主任委员、佳木斯市医学会神经外科专业委员会副主任委员等，毕业于哈尔滨医科大学，从事神经外科专业临床工作至今。于1999年—2000年曾去天坛医院神经介入科学习半年，多次参加国家级显微外科技术班进修，开展了颅内动脉瘤栓塞术，脑血管畸形栓塞术，急性脑梗塞动脉溶栓术的介入手术治疗。还开展了脑血管畸形（如：后交通动脉瘤、前交通动脉瘤、颈内动脉分叉部动脉瘤）、颈内动脉海绵窦漏等脑血管病手术治疗、脊髓肿瘤、脊髓空洞症等椎管性疾病；松果体区肿瘤手术、桥小脑角区肿瘤手术、颅神经肿瘤、鞍区肿瘤、颅颈交界区肿瘤、室管膜瘤、脉络丛肿瘤、阿—奇氏畸形等颅内肿瘤的显微镜手术治疗。"
动脉栓塞,俞炬明,,擅长： 特别在开展儿童介入放射学方面处于国内领先地位，目前能全面开展肿瘤及血管疾患的介入治疗，如各类中晚期肿瘤的栓塞化疗术；各种出血性疾病的栓塞止血术（呼吸道、消化道、妇科疾病及外伤等）；各类腔道阻塞开通术（气道、食道、胆道、泌尿道等）；各类血管腔内成形术（颈动脉狭窄、肾动脉狭窄如肾性高血压、髂动脉狭窄、上肢动脉狭窄如无脉症、下肢动脉狭窄如糖尿病足、静脉系统闭塞开通如布查氏综合征等）；神经介入（脑动脉瘤、脑血管畸形、先天性脑血管病变、颜面部血管病变等）,上海交通大学医学院附属新华医院,"职称： 主任医师
科室： 放射科（医学影像）
简介： 目前担任上海市介入学组委员，承担参与上海市科技发展基金课题、上海市卫生系统课题，共发表论文20余篇，SCI文章及参编专著各一篇，近十几年来主要从事介入放射学工作，亲自操作手术2000余台，积累了丰富的临床经验。

门诊： 周一下午。"
动脉栓塞,吴晶涛,姓名：吴晶涛,吴晶涛，男，1967年出生，硕士学历，医学影像科主任，主任医师，教授，硕士生导师。江苏省“333”工程培养对象，扬州市有突出贡献中青年专家。江苏省苏北人民医院医学影像科副主任。江苏省卫生高级技术职务评委会专家；江苏省中西医结合学会影像诊断专业委员；扬州市放射学会副主任委员。2002年被黑龙江省总工会、省科技厅、省劳动和社会保障厅、省经贸委联合授予“创新能手”称号；市卫生系统“最佳医务工作者”；市“十佳”医技工作人员；德技双馨医务工作者。先后三次赴美国、奥地利学术交流、学习。,江苏省苏北人民医院,
动脉栓塞,赵德信,,擅长：全脑血管造影，早期动脉溶栓治疗，血管瘤的栓塞治疗，血管球囊扩张成形及内置支架术等；冠状动脉造影术，溶栓术，球囊扩张成形术及内置支架术，各心房、心室及肺动脉造影等；支气管动脉造影，肺癌灌注化疗。咯血的栓塞治疗；肝癌、肝血管瘤、胃癌、肾癌的介入治疗。脾栓塞治疗；肾动脉狭窄内置支架术；肝、脾、肾外伤，被膜下出血的栓塞治疗；盆腔、骨恶性肿瘤化疗栓塞术；子宫肌瘤的栓塞治疗术；股骨头无菌性坏死的双介入治疗；四肢及外周血管的造影诊断，溶栓治疗、扩张成形及内置支架术；肝、肾囊肿的硬化治疗，肝、肾脓肿的穿刺引流治疗；肝穿、肺穿活检术等；食道、气管、肠道支架置入术。,牡丹江医学院红旗医院,"赵德信：介入科副主任、主任医师、教授、医学硕士 周一至周五出诊。
1991年毕业于黑龙江省佳木斯医学院，同年分配到牡丹江医学院附属红旗医院影像科从事X线、CT、MRI影像诊断工作。
1993---2000年 承担医疗、影像本、专科的影像诊断理论与实践教学工作；
1996年 晋升为主治医师并获得高等学校教师资格证书；
1997— 2001年 担任影像系放射教研室教学秘书；
2001年至今 牡丹江医学院附属红旗医院介入科从事介入治疗及影像诊断工作；
2004年至今 担任牡丹江医学院附属红旗医院介入科副主任；
2001年晋升为副主任医师；
2006年晋升为主任医师；
1999年 于广洲深圳安科公司培训核磁共振(MRI)技术与系统操作；
1999年 于南京铁道医学院附属扬洲医院进修核磁共振(MRI)诊断；
2001年 于白求恩医科大学进修介入治疗；
2002年 于哈尔滨医科大学进修心脏介入；
2006年 获得黑龙江省佳木斯大学医学硕士学位；



联系电话：13836371335


联系电话：13836371335"
动脉栓塞,吴沛宏,,影像导引下肿瘤微创介入治疗,中山大学肿瘤防治中心,1982年毕业于中山医科大学医疗系，1998年与美国MD.Anderson肿瘤中心、美国国家癌症研究院（NCI）及临床试验中心进行学术交流。1999-2000年在美国MD.Anderson肿瘤中心及Iowa University任访问学者学习交流肿瘤影像诊断与微创介入治疗。先后多次应邀参加国际重要学术会议，2005年起聘为美国罗彻斯特大学医学院客座教授。
动脉栓塞,金龙云,,擅长：全脑血管造影，早期动脉溶栓治疗，血管瘤的栓塞治疗，血管球囊扩张成形及内置支架术等；冠状动脉造影术，溶栓术，球囊扩张成形术及内置支架术，各心房、心室及肺动脉造影等；支气管动脉造影，肺癌灌注化疗。咯血的栓塞治疗；肝癌、肝血管瘤、胃癌、肾癌的介入治疗。脾栓塞治疗；肾动脉狭窄内置支架术；肝、脾、肾外伤，被膜下出血的栓塞治疗；盆腔、骨恶性肿瘤化疗栓塞术；子宫肌瘤的栓塞治疗术；股骨头无菌性坏死的双介入治疗；四肢及外周血管的造影诊断，溶栓治疗、扩张成形及内置支架术；肝、肾囊肿的硬化治疗，肝、肾脓肿的穿刺引流治疗；肝穿、肺穿活检术等；食道、气管、肠道支架置入术。,牡丹江医学院红旗医院,"金龙云：红旗医院副院长、介入科主任、主任医师、教授、硕士生导师、医学博士学位 周一至周五出诊



联系电话：13359880615"
乳癌,郭冰,,主攻疾病：头颈、乳腺、甲状腺、腮腺、颌下腺良恶性肿瘤的诊断及治疗,牡丹江市第一人民医院,"郭冰
牡丹江市第一人民医院院长 毕业于牡丹江医学院，头颈乳腺外科， 主攻疾病：头颈、乳腺、甲状腺、腮腺、颌下腺良恶性肿瘤的诊断及治疗
硕士研究生，市学科带头人，系黑龙江省肿瘤专业委员会副主任委员，黑龙江省青年联合会委员，牡丹江市医疗卫生中级职称评审委员会外科组主任委员，牡丹江市第八、九届人民代表大会代表。曾多次赴国内、省内上级医院进修学习，1982年分配到牡丹江市肿瘤医院工作，1995年任头颈、乳腺科主任，2001末任牡丹江市结核肿瘤医院党委书记、院长。从医20余年，积累了丰富的临床经验，并率先开展了早期乳腺癌的保乳手术、颈淋巴结功能性清扫术、胸大肌肌皮瓣修补口咽癌切除缺损手术、喉癌的部分切除手术及部分胸外科手术，同时配合放、化疗、内分泌辅助治疗，不仅取得了良好的美容效果，而且达到了同乳房切除相同的生存率，开展了局部晚期乳癌的新辅助化疗，使局部晚期乳癌病得到较合理的治疗，进一步提高了喉癌喉部分手术切除率，对声门上癌淋巴结阴性的病例行选择性区域清扫术，提高了喉癌治疗水平，其中有多项填补了市内的医疗技术空白。2006年年初至今任牡丹江市第一人民医院党委书记、院长。
出诊时间： 每周五上午门诊二楼诊室"
乳癌,李志高,,专业特长： 乳腺癌的预防和早期诊断；早期乳腺癌保乳治疗；进展期乳腺癌根治性手术；术前新辅助化疗，及术后化疗、内分泌治疗、生物治疗等综合治疗。尤为擅长乳腺良性肿瘤的微创手术，早期乳腺癌的保乳手术及乳腺癌术中一期乳房重建或术后二期重建术，并取得较好的临床疗效和美观效果，不仅提高了患者的生存率，而且提高了患者的生活质量，在省内外得到了广泛的好评。,哈尔滨医科大学附属肿瘤医院,"医学博士、教授、主任医师、硕士研究生导师、特诊专家；哈医大附属肿瘤医院乳腺外科二病房主任、哈医大附属肿瘤医院外科党支部书记。 1987年毕业于哈尔滨医科大学，分配至哈医大附属肿瘤医院腹外科，一直从事消化道肿瘤、乳腺肿瘤的临床防治工作。1990年于哈尔滨医科大学获得外科学硕士学位。2006年于哈尔滨医科大学获得外科学博士学位。2009年于哈尔滨医科大学获得外科学博士后学位。先后在加拿大多伦多总医院和美国匹兹堡大学医学研究中心研修两年。二十余年的临床工作积累了丰富的经验，在肿瘤的诊治特别是乳腺诊治方面有着颇深的造诣。多次获得三育人先进个人、优秀教师等荣誉称号。
所在科室：乳腺外科
现任职称：副教授 主任医师
专家职务：乳腺外科二病区 科主任
个人电话：0451--88612800
科室电话：0451--86298309
出诊时间：星期一（全天）"
乳癌,臧荣余,,诊疗特长：复杂性妇科肿瘤的手术 治疗,复旦大学附属肿瘤医院,"姓名: 臧荣余
科室: 妇科
职称: 教授，主任医师，硕士生导师

1994-1999年， 原上海医科大学（现复旦大学）肿瘤学研究生，1999年7月获医学博士学位。1999-2002年主治医师，2002年11月副教授。
医疗：以复杂性卵巢癌的手术治疗为主攻方向。临床实践和科研并进，复发性卵巢癌二次手术治疗，技术逐渐成熟，手术指征的掌握被国际同行认可，治疗效果居国内同行之首和国际先进水平，临床研究建立了与美国Stanford等一流大学的合作关系。复发性卵巢癌的手术是肿瘤妇科难度最高、最为复发的一种手术类型，复发性卵巢癌的治疗逐步形成了复旦大学附属肿瘤医院肿瘤妇科的治疗特色。二次手术肿瘤切除干净的患者（无肉眼残留病灶），5年生存率达到61.4%的高水平。
学术水平：因为过去几年在复发性卵巢癌研究领域的系列成果，受邀担任1本国际性杂志的编委，2本美国权威妇癌杂志的审稿人和数本中文核心期刊的编委。在国际著名肿瘤学期刊和中华系列刊物上发表20余篇有关晚期卵巢癌研究系列论文，其中被PubMed收录文献17篇，SCI收录通讯作者论文8篇，国际Core Clinical Journal 论文2篇。取得了非常好的社会效应，凝聚全国各地复发性卵巢癌病人，为研究进一步深入提供良好的基础。2000年发表于EJSO（European Journal of Surgical Oncology）题为“晚期卵巢癌的二次肿瘤细胞减灭术临床意义”的论文，美国华盛顿大学著名的外科泰斗Sugarbaker教授给予很高的评价，认为对于如何选择病人进行卵巢癌的二次手术有非常高的文献参考价值（EJSO 2001,27:505-6）。据查证，先期发表的7篇国际论文，至2004年12月被引用次数37次之多。
学科建设：2003至2004年，赴美国著名的肿瘤中心之一，Arizona肿瘤中心，从事博士后基础研究，研究的方向是4HPR, PG-4HPR对膀胱癌和卵巢癌的化学预防和治疗作用及其对BRCA1/BRCA2调节机制。美国期间实验研究方面的培训和学习，有助于硕士研究生培养和国际间的学术交流和合作，对本学科过去的重要环节--临床基础研究，水平的提高发挥重要作用，也为我院肿瘤预防学科的学科建设，拓宽肿瘤研究领域，打下良好的基础。目前担任我院卵巢癌课题小组负责人。
人才培养计划和研究经费：2002年受上海市卫生局“医苑新星”人才计划资助。培养经费16万元。2005年被评为优秀医苑新星，追加培养经费4万元。上海市卫生局资助，“复发性卵巢癌二次手术的前瞻性研究”，该研究结果发表在国际权威性肿瘤学期刊Cancer杂志上。
教学：硕士研究生导师和博士研究生指导老师，负责课题设计。编写各类教材40 000余字。有幸受卫生部责令中华妇产科学会编撰《妇产科临床操作规范》“盆腔脏器清除术”一章的稿约。
1. Zang RY, Zhang ZY, Li ZT, Chen J, Tang MQ, Liu Q, Cai SM. Effect of cytoreductive surgery on survival of patients with recurrent epithelial ovarian cancer. J Surg Oncol 2000b, 75(1):24-301
2. Zang RY, Shi DR, Lu HJ, et al. Adenovirus 5 mediated E1a gene therapy for ovarian cancer in vitro and in vivo. Int J Gynecol Cancer 2001, 11(1): 18-23
3. Zang RY, Zhang ZY, Cai SM, et al. Epithelial ovarian cancer presenting initially with distant metastasis: a preliminary report and literature review. Am J Clin Oncol 2000, 23(4):416-9
4. Zang RY, Zhang ZY, Cai SM, et al. Cytoreductive surgery for patients with stage Ⅳ epithelial ovarian cancer. J Exp Clin Cancer Res 1999, 18(4):449-54
5. Zang RY, Zhang ZY, Li ZT, et al. Impact of secondary cytoreductive surgery on survival of patients with advanced epithelial ovarian cancer. Eur J Surg Oncol 2000c, 26(8):798-804
6. Zang RY, Li ZT, Cai SM, et al. Salvage chemotherapy and secondary cytoreductive surgery for Chinese patients with recurrence advanced ovarian cancer. Int J Gynecol Cancer 2003, 13(4):419-27
7. Zang RY, Li ZT, Tang J, Cheng X, Cai SM, Zhang ZY, and Teng NN. Secondary cytoreductive surgery for patients with relapsed ovarian carcinoma: who benefits? Cancer 2004, 100(6):1152-61."
乳癌,吴建,,医疗特色：擅长鼻腔、鼻窦和鼻眼相关疾病的内镜微创手术及头颈部肿瘤手术，开展此类手术1000余例，效果满意。,上海长征医院,"姓名：吴建
单位：第二军医大学附属长征医院
职称：主任医师,教授
医疗专长：鼻微创手术治疗 变态反应性鼻炎临床治疗
专家门诊时间：星期四上午
吴建，男，硕士，1965年11月出生于江苏镇江。1989年毕业于第二军医大学军医系。现任长征医院耳鼻咽喉头颈外科副主任、副教授、副主任医师、硕士生导师。
在近20年的耳鼻咽喉头颈外科疾病的诊断和治疗临床实践中，熟练开展了常见及重大手术有：喉切除及喉功能重建术、根治性及功能性颈廓清术、内窥镜下鼻窦手术、内窥镜下脑脊液鼻漏修补术、内窥镜下视神经管减压术、乳突根治术、鼓室成型术、面神经减压术、面神经梳理术、UPPP、扁桃体癌面颈联合根治术、上颌骨全切术等，积累了丰富的临床经验，已形成了对鼻腔、鼻窦及鼻眼相关部位疾病的显微及内镜微创外科手术为专业特色，擅长鼻腔、鼻窦和鼻眼相关部位疾病的微创手术及头颈部肿瘤手术，开展此类手术1000余例，效果满意。
专家门诊时间：每周四上午"
乳癌,房林,,擅长颈部肿块的诊断和治疗，甲状舌骨囊肿、瘘管等手术治疗。,上海市第十人民医院,"房林 甲状腺乳腺科副主任 主任医师 教授 硕士生导师 医学博士
所属科室： 甲乳科
出诊时间： 周一上午 周二下午
擅长疾病： 乳腺、甲状腺疾病、颈部肿块的诊治、手术及微创治疗。胆道、胰腺、肝脏外科疾病、痔疮的诊治、手术及微创治疗。
同济大学附属上海市第十人民医院甲状腺乳腺科副主任、主任医师、教授、硕士生导师、医学博士。外科总论教研室主任。
擅长乳腺癌根治术、改良根治术、扩大根治术、乳腺癌保留乳房根治术及微创手术，根据病人实际情况，进行个体化治疗，最大程度降低术后复发，提高患者生存率；乳腺肿块的微小切口美容手术；应用微创技术肿块切除术，手术后切口小、疤痕少。
擅长甲状腺癌根治颈淋巴结清扫术、改良功能性颈淋巴结清扫术，最大限度保留了功能和外观。擅长甲状腺良性肿瘤的小切口手术；擅长内镜下甲状腺肿瘤切除术，颈部不留任何手术疤痕。

长期从事普外科临床工作，熟练掌握胆道、胰腺、肝脏外科疾病的诊治和手术。采用小切口胆囊切除术，最小切口小于3厘米。擅长腹腔镜胆囊切除术。能熟练进行普外科大手术如胰头癌根治术、胆囊癌根治术、肝门部胆管癌根治性切除术、肝癌切除术、门脉高压分流及断流手术、胃癌根治术、结直肠癌根治术等。对中、重度痔疮的诊治积累了相当经验，开展了PPH痔疮切除术。
作为一名医生，能努力钻研技术，改进手术技巧，提高治疗效果，全心全意为病人服务。获同济大学首届十佳医师荣誉称号。
教学上，承担研究生、医疗系和口腔系本科生及成人大专班的理论大课教学。获一系教师讲课比赛二等奖。获同济大学教学课题资助立项等3项如《加强七年制医学生外科基本功的教学研究》（J200268）等。中华医学会医学教育分会教学课题立项1项。发表教学论文“加强外科基本功教学方法探讨”。培养研究生人12人。
科研上，主要进行乳腺癌、甲状腺癌、胰腺炎、阻塞性黄疸、肠粘膜屏障等的临床及基础研究。研究方向包括：乳腺癌干细胞的生物学特性研究；乳腺癌复发转移机制的研究；Pdx1基因在甲状腺癌的作用；M细胞在急性胰腺炎肠粘膜屏障中的作用；白介素-18对阻塞性黄疸肠粘膜屏障功能的影响等。"
乳癌,史跃华,,从事临床工作二十余年，具有较丰富的全面的临床实践经验。曾在南京江苏省中医院外科进修学习一年，跟随省名中医许芝银教授、朱惠芸教授等学习乳腺病、甲状腺疾病的中医疗法及中医外科常见病的外治疗法；在武汉协和医院外科进修学习普外手术半年。擅长治疗中医外科常见病、多发病，并设乳腺专科门诊。擅长采用中医疗法（内治外治并用）治疗：乳腺炎、浆细胞性乳腺炎、导管炎、溢乳症、少乳症、乳房发育不良（偏小，乳头凹陷）、乳腺增生病、乳腺癌术后等病症。对于乳腺炎初期，通过推拿手法排乳，中药外敷散结，可使产妇不断乳，不手术，保证继续母乳喂养；对于浆细胞性乳腺炎通过中药内服及外敷可减少复发及手术；对乳腺增生病患者提供饮食调护等方法，把握癌前病变的手术时机，尽量减少开刀的痛苦；对于断乳的护理指导，可减少乳腺增生及导管炎的发生；对于导管炎和乳房囊肿的治疗有独特的经验积累，使许多患者免除手术之忧。,常州市中医医院,主任中医师，教授，江苏省中西医结合学会乳腺病专业委员会委员。
乳癌,刘鸣,,喉癌等头颈部良恶性肿瘤外科治疗及微创手术； 鼻内窥镜手术及鼾症的微创治疗； 各型中耳炎的病灶清除及听力重建等耳科常规手术；气管食管异物的治疗。,哈尔滨医科大学附属第二医院,"耳鼻咽喉-头颈外科教研室主任，主任医师，教授，博士生导师。现兼任中华医学会耳鼻咽喉科学会全国委员、中国医师协会耳鼻咽喉科医师分会常务委员、中国抗癌协会头颈外科专业委员会全国委员、黑龙江省耳鼻咽喉-头颈外科专业委员会主任委员、欧洲喉科学会（ELS）国际会员。1985年毕业于哈尔滨医科大学医疗系，从事耳鼻咽喉-头颈外科临床，科研及教学工作25年。1995年赴比利时新鲁汶大学（UCL）附属Mont-Godinne医院进修并师从Remacle教授攻读博士学位。 2003年月获比利时新鲁汶大学医学博士学位（PhD），2005年完成博士后工作后，通过黑龙江省人事厅“绿色通道”回国工作。在25年的工作中，积累了丰富的临床经验，擅长中耳乳突手术, 鼻内镜技术, 及头颈部良恶性肿瘤的外科治疗。特别是在国外期间, 潜心研究了西方国家在耳鼻喉科疾病的诊断与治疗方面的现代理念, 对病人的治疗提倡人性化，个性化。多次应邀参加在美国，英国，法国，挪威及比利时举办的国际学术会议做大会发言。归国以来，积极倡导并开展喉CO2激光显微外科手术治疗喉部良、恶性病变，已取得显著疗效，在黑龙江省率先开展了声门上癌的CO2激光治疗，填补了省内该领域微创治疗的空白。

学术地位：

中华医学会耳鼻咽喉科学会全国委员
中国医师协会耳鼻咽喉科医师分会常务委员
中国抗癌协会头颈外科专业委员会全国委员
黑龙江省耳鼻咽喉-头颈外科专业委员会主任委员
欧洲喉科学会（ELS）国际会员
黑龙江省抗癌协会喉癌（头颈肿瘤外科）专业委员会副主任委员
《中华耳鼻咽喉头颈外科杂志》通讯编委
《中国耳鼻咽喉头颈外科》编委
《听力学及言语疾病杂志》编委
黑龙江省委保健委员会干部保健专家
黑龙江省医疗事故技术鉴定组成员
哈尔滨市医疗事故技术鉴定组成员
联系方式：liuming001@hotmail.com；办公电话：0451-86605832；0451-86605327

出诊时间 周三全天"
胆囊炎,赵云燕,,善于用中医及中西医结合的方法诊治胃炎、胃十二指肠溃疡、结肠炎、肝炎、肝硬化、食道炎、胆囊炎、胆石症、胰腺炎等消化系统疾病，及内科疑难、急、危重症具有丰富的临床经验。,广州中医药大学第二附属医院广东省中...,中心ICU主任主任中医师硕士研究生导师广州中医药大学教授广东省名中医培养对象广州市优秀中医临床研修人才。从事医学临床工作二十余年
胆囊炎,胡玲,,脾胃消化疾病、胆囊炎等.,广州中医药大学第一附属医院,
胆囊炎,缪易,,擅长中医内科急症，辩证治疗消化道出血及胰腺炎、胆囊炎、胆石症，精于慢支急发、脑梗塞、老年性疾病的诊治，有较丰富的临床经验。,南通市第一人民医院,缪易，中医科副主任，主任中医师、教授。
胆囊炎,王菊慧,,擅长诊治慢性胃窦部炎症、胃肠道功能紊乱、慢性胆囊炎、胆道疾病(中西医结合治疗)等。,苏州大学附属第一医院,王菊慧，消化内科，主任医师，副教授。
胆囊炎,齐贺斌,,消化系统疾病的诊治与研究，对慢性胃炎、溃疡病、腹泻、慢性肝病、胆囊炎胆石症等有丰富经验,中国医学科学院北京协和医院,齐贺彬，男，主任医师，擅长消化系统疾病的诊治与研究。对慢性胃炎、溃疡病、腹泻、慢性肝病、胆囊炎胆石症等有丰富经验。
胆囊炎,黄金兰,,对胃炎、胆囊炎、胰腺炎、肝炎、肝硬化及心脑血管疾病、各类中毒等急症病人的抢救方面具有专长。,鸡西矿业集团总医院,"黄金兰 急诊科主任 主任医师 教授，黑龙江省急诊专业委员会委员。从事临床工作30余年。对胃炎、胆囊炎、胰腺炎、肝炎、肝硬化及心脑血管疾病、各类中毒等急症病人的抢救方面具有专长。有多篇论文在国家级、省级杂志上发表。


出诊时间：星期一、四、日上午 星期二下午"
胆囊炎,胡质毅,,消化性溃疡、胃肠炎、脂肪肝、胆囊炎等,广州中医药大学第一附属医院,
胆囊炎,李孟君,,主攻疾病：消化内科常见病、多发病（肝硬化腹水、消化性溃疡、急性胃炎、胰腺炎、胆囊炎等）,牡丹江市第一人民医院,"主任医师 毕业于黑龙江省中医药大学 主攻疾病：消化内科常见病、多发病（肝硬化腹水、消化性溃疡、急性胃炎、胰腺炎、胆囊炎等）
牡丹江市医学会医疗鉴定专家库成员。从医20余年熟练地掌握了内科系统常见病、多发病、疑难病及消化道内镜的诊断与治疗，成功抢救了大量急危重病人,并能将中医与西医知识有机结合,应用于临床治疗肝硬化腹水、消化性溃疡、急性胃炎、胰腺炎、胆囊炎及慢性肾功能不全、胆道感染、溃疡性结肠炎等。"
胆囊炎,瞿结宗,,擅长治疗气管炎、支气管哮喘、慢性胃炎、肝炎、胆囊炎、月经不调、痛经、不孕症、阴道炎、附件炎、功血等。,徐州医学院附属医院,中医科、主任中医师。
胆囊炎,林穗芳,,擅长运用中医药诊疗消化系统疾病及内科杂病。尤其对慢性胃炎、功能性消化不良、胃肠功能紊乱、胆囊炎、胆石症、脂肪肝疗效显著。,广州中医药大学第二附属医院广东省中...,保健科科长主任中医师硕士研究生导师广州中医药大学教授。广东省名中医培养对象，广州市优秀中医临床研修人才。毕业于广州中医药大学医疗专业，从事医疗临床工作二十余年
脊柱侧弯,于方,,关节外科、关节镜手术和人工关节置换术，脊柱外科、脊柱创伤、脊柱疾病、脊柱侧弯矫形和脊柱微创等手术。,北京世纪坛医院,
脊柱侧弯,谭明生,,寰枢椎脱位、老年退行性脊柱疾病、颈椎病、颈椎椎管狭窄症、腰椎椎管狭窄症、腰椎滑脱症、腰椎间盘突出症、脊柱侧弯和脊柱肿瘤等疾病所致枕颈肩腰腿痛、四肢麻木、行走不稳、持物无力、头晕、高血压、和心悸等复杂疑难脊柱病症的诊断和手术治疗,北京中日友好医院,谭明生，主任医师，教授，博士研究生导师。 现任脊柱上颈椎病中心主任，北京大学医学部骨科教授，中日友好医院学术委员会委员和学位委员会委员。中国老年学会脊柱关节疾病专业委员会常委，中国中西医结合脊柱医学专业委员会（常务）副主任委员，中华骨伤科专业委员会副主任委员，中国残协肢残专业委员会脊柱外科学组副组长，中华医学会骨科分会北京骨肿瘤学组委员，北京市中西医结合学会骨科专业委员会主任委员，国际AO学会脊柱专业中国讲师团成员；并兼任国家自然科学基金项目评审专家，国家科学技术奖励评审专家，首都医学发展基金项目评审专家，中华中医药学会科技进步奖评审专家，北京市医疗事故鉴定专家；《中华医学杂志》、《中国脊柱脊髓杂志》、《中国现代外科手术学杂志》和《中国矫形外科杂志》等杂志的常务编委、编委和专家等30余个学术团体兼职。 学习工作经历：1983年南华大学医疗系毕业，1990年研究生毕业，1998年赴德国柏林Buch医院骨科进修，以后多次在香港、日本、法国、西班牙和美国等地学习交流。大学毕业后，一直从事临床骨科工作，具有独立处理骨科危重疑难病例、开展各种大型复杂骨科手术和临床创新性科研的能力。主要从事脊柱外科工作，在脊柱微创技术、老年脊柱疾病、颈椎、腰椎和脊柱畸形等复杂疑难疾病的诊断和治疗方面积累了丰富的临床经验。自2000年赴日本学习后，在我院率先引进日本PLDD激光技术治疗腰椎间盘突出，2004年率先开展经皮穿刺椎体注入骨水泥治疗老年性骨质疏松脊柱压缩性骨折和脊柱肿瘤，2008年开展椎间盘镜（MED）治疗腰椎间盘突出；采用脊柱微创手术、椎管减压手术、脊柱矫形及脊柱稳定性重建等外科技术，成功地完成了1500余例复杂疑难手术，取得满意的疗效，受到病人和同行的好评，手术病人主要来自北京和全国各地，也有来自美国、欧洲、日本、澳大利亚、苏丹及香港等国家和地区。 专业特长：应用脊柱微创技术的理念，根据脊柱疾病和骨折的发生、发展和愈合的规律，制定治疗方案，擅长寰枢椎脱位、老年退行性脊柱疾病、颈椎病、颈椎椎管狭窄症、腰椎椎管狭窄症、腰椎滑脱症、腰椎间盘突出症、脊柱侧弯和脊柱肿瘤等疾病所致枕颈肩腰腿痛、四肢麻木、行走不稳、持物无力、头晕、高血压、和心悸等复杂疑难脊柱病症的诊断和手术治疗。
脊柱侧弯,刘一,,脊柱外科，各种脊柱畸形、创伤、退变和肿瘤疾病：节段性椎弓根螺钉内固定矫治各类脊柱侧弯症、脊柱后凸畸形，腰椎间盘突出症的微创手术,吉林大学第二医院,"部门：骨科 职位：医学博士，教授、主任医师，博士生导师
吉大二院骨科暨吉林省脊柱外科治疗中心主任"
脊柱侧弯,叶启彬,,"脊柱外科,脊柱侧弯,驼背,脊柱滑脱,椎管狭窄,脊柱骨折,脊柱肿瘤,人工膝关节,人工髌股关节,髌骨软化症",中国医学科学院北京协和医院,"叶启彬，男，中华医学会会员、中国康复协会副理事长、“中国矫形外科杂志”副总编、“实用骨科杂志”、“广州医学杂志”,“中国骨伤杂志’等编委。1956～1957毕业于广东梅县东山中学高中，1959～1965毕业于北京医科大学医疗系（6年制），1982～1983加拿大渥太华大学市民医院进修脊柱外科、兼修人工关节，获渥太华大学骨科研究生（Fellow）证书。 工作经历 1965～1978北京协和医院外科、骨科住院医及总住院医。1979～1986北京协和医院骨科主治医、讲师。1987～1992北京协和医院骨科副教授、硕士生导师。1993～至今北京协和医院骨科教授、主任医师、博士生导师。2004~现在，武警总医院脊柱外科首席专家。1994～至今享受国家特殊津贴。业务水平及工作能力从事骨科临床与研究和教学工作40年，具有熟练处理骨科门、急诊常规临床工作及疑难病症会诊、处理能力，负责中国协和医科大学教学及博士研究生培养工作（已毕业多名）。"
脊柱侧弯,董健,,专长：脊柱外科。腰突症、颈椎病、腰椎滑脱、椎管狭窄、脊柱骨折、脊柱结核、脊柱肿瘤、脊柱侧弯等疾患的诊治。微创颈椎腰椎手术。,复旦大学附属中山医院,"姓名：董 健
科室：骨 科
职称：教 授
出诊时间：周一、五上午 周一下午（特需)
医疗专长：脊柱外科。腰突症、颈椎病、腰椎滑脱、椎管狭窄、脊柱骨折、脊柱结核、脊柱肿瘤、脊柱侧弯等疾患的诊治。微创颈椎腰椎手术。"
脊柱侧弯,许世刚,,小儿骨科，特别是先天畸形，脊柱侧弯，脑瘫，肢体延长技术，及脊柱退行性病变等方面的手术治疗。,北京中医药大学东直门医院,许世刚，男，副主任医师。1986年河南医科大学医疗系毕业。同年考取首都医科大学硕士研究生，成为我国小儿骨科创始人潘少川教授的第一个研究生，在小儿骨科专业方面打下了坚实的基础。1991年夏，赴著名的美国TSRH医院学习一年，是国内获得TSRH Fellow证书的第一人。然后又到达拉斯医学城学习半年，师从国际知名的脊柱外科和小儿骨科专家W Bobechko教授。赴美期间进一步掌握了小儿骨科常见病，特别是先天畸形、脊柱侧弯、脑瘫、肢体延长技术等方面国际上最新治疗方法。回国后在三级医院骨科工作。在十余年骨科临床实践中，不断丰富自己的工作经验。除了小儿骨科方面仍在努力不断实践以外，在创伤骨折，脊柱退变性疾病等方面也积累了一定经验。能够熟练应用英语。经常阅读专业外文杂志，了解最新学科动态，利用英语书写专业资料。近几年有十余篇论文发表于国、内外专业杂志。专业特长：小儿骨科，特别是先天畸形，脊柱侧弯，脑瘫，肢体延长技术，及脊柱退行性病变等方面的手术治疗。
脊柱侧弯,郑召民,,从事骨科近20年，专于脊柱外科颈肩腰腿痛手术治疗，精于微创手术。擅长腰椎间盘突出症、椎管狭窄症、腰椎滑脱症、颈椎病、脊柱侧弯症、脊柱骨折并截瘫和脊椎肿瘤等的手术治疗。国内率先开展侧后路、后路椎间盘镜、经皮椎体成形术和后凸成形术，人工髓核置换术等。尤其在经皮,中山大学附属第一医院,
脊柱侧弯,马超,,擅长上颈锥的不稳定手术治疗、脊柱侧弯的矫正，各种脊柱微创手术、腰椎管狭窄、腰椎间盘突出、颈椎疾患、脊柱的外伤骨折，脊柱韧带骨化症、椎管内肿瘤，采用微创及镜下手术治疗颈椎病、腰椎间盘突出症、腰椎管狭窄症、腰椎滑脱症、颈、胸、腰椎外伤骨折、韧带骨化症的治疗。率先开展上颈椎、椎弓根内固定术、人工颈椎间盘置换术以及人工椎体置换术、椎体成形术。,徐州市第四人民医院,江苏省康复医学会修复与重建专业委员会委员、徐州市中西医学骨科委员会副主任、全国名医理事会常务理事、《中国组织工程杂志》编委。从医20余年，先后在天津医院、苏州大学第一附属医院、上海长海医院、北京积水潭医院等进修学习，2006年在瑞士进修学习。
脊柱侧弯,杨军林,,目前专攻于脊柱畸形的诊疗，精于脊柱侧弯、脊柱后凸及先天性髋关节脱位的诊治。尤其在脊柱侧弯矫形方面完成大量病例（2008年我院脊柱外科完成侧弯手术量超过100例，已连续三年位居全省第一），并与国内外多家单位及院内多科室合作成立脊柱侧弯中心，在脊柱畸形研究方面形成自,中山大学附属第一医院,中山大学附属第一医院脊柱侧弯中心主任，骨-显微医学部副主任，从事骨科工作20余年，
脊柱侧弯,冯新民,姓名：冯新民,男，1965年出生，主任医师 ，副教授，脊柱外科主任 ，江苏省康复医学会理事 ，国家司法鉴定人， 扬州市医疗事故鉴定委员会专家组成员。,江苏省苏北人民医院,
肺癌,申屠阳,姓名：申屠阳,"医生姓名： 申屠阳
所属科室： 临床中心
门诊时间： 专家门诊 每周三，六上午
医生介绍： 申屠阳，男，1963年生，汉族。1986年毕业于西安医科大学，获医学学士学位。1993年毕业于华西医科大学，获医学硕士学位。2000年赴日本国大阪府立癌症医学中心胸外科研修。现任上海市肺部肿瘤临床医学中心胸外科主任医师，上海交通大学医学院硕士生导师，中国抗癌协会肺癌专业委员会委员，中华医学会上海分会肿瘤专业委员会委员，中国医师协会胸外科医师分会第一届委员会委员。兼任《中国肺癌杂志》编委，《中国胸心血管外科临床杂志》编委，《抗癌动态》杂志高级编委，《肿瘤》杂志特约审稿专家。
自1986年起从事胸部外科临床工作，熟练掌握胸壁肿瘤、胸膜间皮瘤、肺部肿瘤、纵隔肿瘤、食管肿瘤等疾病的诊断和手术治疗，对胸外科疑难重症的手术及处理有一定造诣。擅长肺癌的外科及多学科治疗，对肺癌纵隔淋巴结转移的术前评估有深入研究，注重肺癌术中系统性纵隔淋巴结清扫，对提升肺癌患者术后生存率、降低复发转移有积极意义，对肺癌患者化疗后的外科手术处理有独特见解。开展肺部小结节微创小切口及胸腔镜手术，对肺部结节和肿物的鉴别诊断积累了丰富经验。率先在上海市胸科医院开展纵隔镜检查术，率先在华东地区暨上海市开展电视纵隔镜检查术，病例数居上海市领先水平，为纵隔肿物的诊断和肺癌的外科分期提供了最佳方法。",上海市胸科医院,
肺癌,范理宏,,对胸部异常阴影的鉴别诊断、肺癌的早期发现和肺癌的综合治疗有着较丰富的临床经验，同时擅长慢性咳嗽、胸闷、气急的诊断和治疗。,上海市第六人民医院,"呼吸内科主任医师，医学硕士，硕士生导师，医务处处长。现任上海市医学会呼吸专业学会委员、中国抗癌协会临床肿瘤学协作中心成员。曾在上海市胸科医院肺内科工作10余年，师从国内著名专家廖美琳教授，对胸部异常阴影的鉴别诊断、肺癌的早期发现和肺癌的综合治疗有着较丰富的临床经验，同时擅长慢性咳嗽、胸闷、气急的诊断和治疗。

专家门诊时间: 星期五上午"
肺癌,李兵,,"医疗专长：肺部肿瘤的诊断和综合治疗,呼吸系统疑难病的诊治",上海长征医院,"姓名：李兵
单位：第二军医大学附属长征医院
职称：主任医师,教授
医疗专长：肺部肿瘤的诊断和综合治疗,呼吸系统疑难病的诊治
专家门诊时间：星期一上午"
肺癌,吕帆真,,擅长肺部肿瘤，特别是肺癌的治疗，以及食管疾病、纵隔肿瘤、气管肿瘤的治疗，并开展胸外科（胸腔镜辅助下）微创手术。,复旦大学附属华东医院,"姓 名： 吕帆真
职 称： 主任医师
科 室： 胸外科
专家门诊时间： 星期四上午
业务擅长： 肺部肿瘤，特别是肺癌的治疗，以及食管疾病、纵隔肿瘤、气管肿瘤的治疗，并开展胸外科（胸腔镜辅助下）微创手术。
1985年毕业于上海第一医学院医疗系（现复旦大学医学院）。胸外科副主任医师。华东医院胸外科副主任，从事胸外科工作二十余年，有丰富的临床经验。1997年赴美国进修。"
肺癌,倪国兴,,业务擅长： 呼吸系统疾患、肺部肿瘤、肺结核、纵隔肿瘤、食管疾患的诊断、鉴别诊断、治疗及胸外科手术操作。,复旦大学附属华东医院,"姓名： 倪国兴
职称： 主任医师
科室： 胸外科
专家门诊时间： 星期三上午
1963年毕业于武汉第二医学院，长期从事胸外科临床工作，现任胸外科主任医师、教授。擅长呼吸系统疾患、肺部肿瘤、肺结核、纵隔肿瘤、食管疾患的诊断、鉴别诊断、治疗及胸外科手术操作，86年曾赴日本研修，曾多次出席全国及国际性学术会议。上海市领先学科“肺部肿瘤学”领导者之一，上海市肺癌组副组长。国务院特殊津贴获得者。"
肺癌,钱浩,,诊疗特长: 肺癌、食管癌、纵隔肿瘤等胸部肿瘤的放射治疗和综合治疗,复旦大学附属肿瘤医院,"姓名: 钱浩
科室: 放射治疗科
职称: 教授，主任医师，博士生导师

个人简介: 长期从事胸部肿瘤的综合治疗，特别对中晚期肺癌以放疗为主的综合治疗有较深的研究。长期参加国家和上海市有关肺癌的综合研究课题。
门诊时间: 星期一上午"
肺癌,罗清泉,,"医生特长：从事胸外科工作近20年，在肺癌、纵隔肿瘤、食管、气管等胸外科手术的临床和基础方面积累了丰富的经验，主要擅长胸部疾病的外科治疗，包括肺、食管、气管、纵隔等各类胸部疾病；共参加手术5000余例，主刀3000余例，包括许多重症和凝难杂症。其中具有代表性的有：
（1）局部晚期肺癌的外科治疗先后开展多种尖端复杂胸外科手术如大动脉切除置换合并肺癌切除术；上腔静脉切除置换合并隆凸成形或重建术治疗肺癌，冠状动脉搭桥和肺癌同期切除术等；
（2）肺癌微创外科治疗：保留肋骨开胸治疗肺癌、保留胸部肌肉开胸治疗肺癌、腔镜辅助小切口切除肺癌、小切口辅助腔镜治疗肺癌；
（3）对70岁以上的高龄肺癌患者，形成一整套成熟的技术和经验，能达到成功率高，并发症低，将最高手术年龄提高到90岁。
（4）熟练开展隆凸、肺支气管袖状切除手术和支气管肺动脉同时袖切术式，有近千例成功的临床经验。
率先开展巨大纵隔恶性肿瘤的术前诱导化疗，提高手术切除率，提高病人生存率。
熟练掌握术后严重并发的诊断和处理。手术成功率为100%，术后并发症低，曾创下床位周转率215%和零并发症的月纪录，得到医院奖励。",上海市胸科医院,"医生姓名： 罗清泉
所属科室： 临床中心
门诊时间： 专家门诊 每周一上午
上海市肺部肿瘤临床中心成立以后，会同内科同道专心致力于肺癌肿瘤的诊断和外科及多学科治疗，开展肺癌多学科研究与治疗，提出肺癌外科完全性切除的新理念和外科操作技巧；
在手术中，率先使用全电刀化肺癌切除术式，缩短手术时间，减少术中出血量，减少肿瘤的复发率，提高肺癌患者的近远期生存。还开展局部晚期肺癌的同部放化疗后手术的临床治疗研究，取得了一定的临床经验。
医生介绍： 男 ，上海市肺部肿瘤临床医学中心副主任，胸外科主任医师，硕士生导师。
简历及培训经历：
大学毕业：1988年，原华西医科大学
研究生毕业：2005年，上海交通大学附属医学院
最高学历：硕士
留学情况：瑞士苏黎世大学医学院访问学者，先后赴日本、美国、欧洲等地进行学术交流
学术任职：
中华医学会会员
上海市抗癌杂志社高级编委
上海医学会肿瘤专科委员会委员
中国医师协会胸外科协会委员
上海市医疗事故专家组成员"
肺癌,熊敏,,病理科,中山大学附属第一医院,
肺癌,张辅贤,姓名：张辅贤,"职称： 主任医师
科室： 心胸外科
简介： 1953年出生，心胸外科副主任，主任医师。在临床开展电视胸腔镜微创外科，胸腔镜下肺大泡切除术，各种食管良性肿瘤手术，肺活检术，胸腔镜下微创漏斗胸纠治术。胸腔镜+小切口行贲门失驰缓症，肺肿瘤切除。食管癌根治术，肺癌根治术，及纵膈肿瘤胸壁肿瘤根治术。手术切除率高，并发症低，术后生存率居国内领先水平。

门诊： 周一上午(特需)，周五下午。",上海交通大学医学院附属新华医院,
肺癌,刘魁凤,,擅长于肺癌、乳腺癌、胃肠癌及儿童肿瘤个体化放化疗、中药免疫生物靶向治疗。,广东药学院附属第一医院,
脂肪肝,肖会泉,,乙肝大、小三阳、肝硬化、脂肪肝、急慢性肠炎等,广州中医药大学第一附属医院,
脂肪肝,许蓓,,"肝炎,神经系统、呼吸道及肠道传染病,脂肪肝",上海第二医科大学附属瑞金医院,"专家姓名： 许蓓
开诊时间： 周二下午;周四上午;
开诊科室： 门诊感染病
专家介绍： 肝炎,神经系统、呼吸道及肠道传染病,脂肪肝"
脂肪肝,张锁才,,擅长各型肝炎、肝硬化、自身免疫性肝病、多发性肝炎、脂肪肝（高血脂）等疾病的诊治。,常州市第三人民医院,主任医师，病区主任。1986年毕业于苏州医学院，1996年苏州医学院研究生课程班结业。
脂肪肝,林之莓,,"慢性肝炎,脂肪肝及其他肝病的诊断和治疗",上海第二医科大学附属瑞金医院,"专家姓名： 林之莓
开诊时间： 周一全天;
开诊科室： 门诊感染病
专家介绍： 慢性肝炎,脂肪肝及其他肝病的诊断和治疗"
脂肪肝,张琴,,中西医结合治疗慢性肝炎、肝炎肝硬化、脂肪肝,上海市公共卫生临床中心,张琴 主任医师 周四（上海市同心路921号） 市区门诊
脂肪肝,谢青,,慢性肝炎、重型肝炎、肝硬化、脂肪肝,上海第二医科大学附属瑞金医院,"专家姓名： 谢青
开诊时间： 周一上午;周四上午;周四下午;
开诊科室： 门诊感染病
专家介绍： 慢性肝炎、重型肝炎、肝硬化、脂肪肝"
脂肪肝,李小兵,,治疗肝炎、脂肪肝等,广州中医药大学第一附属医院,
脂肪肝,蔡伊梅,,"慢性肝病、肝硬化、脂肪肝,寄生虫病",上海第二医科大学附属瑞金医院,"专家姓名： 蔡伊梅
开诊时间： 周三上午;周五下午;
开诊科室： 门诊感染病
专家介绍： 慢性肝病、肝硬化、脂肪肝,寄生虫病"
脂肪肝,程国光,,急慢性肝炎、乙肝病毒携带者，脂肪肝、肝纤维化等,广州中医药大学第一附属医院,
结肠癌,吴佐周,,治疗各种疑难痔瘘及直肠前突、会阴下降、慢传输型便秘、直肠肿瘤等肛肠疾病,北京世纪坛医院,中国中西医结合学会大肠肛门病专业学会主任委员，北京中西医结合学会理事兼肛肠病专业学会主任委员，中国抗癌协会全国大肠癌专业协会委员，中国肛肠病杂志副主编。我国著名肛肠外科专家，50年代就读于北大医疗系，70年代在西学中医班学习，在40余年的医学学习，研究及临床实践中，用中西医结合的方法，在治疗炎性肠病方面积累了丰富的经验。对排便障碍疾病，如结直肠，肛管肛门及盆腹腔脏器，盆底解剖异常或生理功能下降，失调所致的各型便秘性疾病，用中医药和手术治疗，效果达到国内外先进水平。在对肠癌研制有新的建树：中低位直肠癌保肛术使患者有满意控便功能，配合放，化疗，使直肠癌5年生存率达到国际先进水平。
结肠癌,潘志忠,,主攻腹部肿瘤外科。临床上着重大肠癌的早期诊断、分期、治疗及预后的研究；基础上着重于肿瘤分子生物学早期诊断和治疗价值及与预后的关系。,中山大学肿瘤防治中心,1986年毕业于中山医科大学医疗系，毕业后一直在中山大学肿瘤医院从事腹部肿瘤的临床医疗、教学、科研工作。曾在澳大利亚ADELAIDE皇家医院、ELIZABETH女皇医院、法国PAUL BROUSSE医院、香港广华医院分别进修学习结直肠外科、腹腔镜、肝胆外科、经肛门微创外科（TEM）。主要从事胃肠肿瘤的诊治，擅长大肠癌的手术、化疗、放疗和生物靶向治疗，在腹腔镜手术、经肛门微创外科（TEM）、肝转移综合治疗、胃肠间质瘤靶向治疗等方面有丰富经验。曾任中山大学肿瘤防治中心腹科主任，分科后任中山大学肿瘤防治中心结直肠科主任。
结肠癌,丁卫星,,擅长疾病： 胃肠道肿瘤（胃癌、结直肠癌）、代谢紊乱综合症（肥胖症和Ⅱ型糖尿病）。,上海市第十人民医院,"丁卫星 普外科主任 胃肠外科主任 消化系疾病临床医疗中心副主任 主任医师 教授 硕士研究生导师

所属科室： 消化疾病临床医学中心
主要研究方向：腹腔镜胃肠微创外科、胃肠道肿瘤诊疗、代谢紊乱综合症外科治疗
出诊时间： 周三上午
现任上海同济大学附属第十人民医院普外科主任、胃肠外科学科带头人和消化系疾病临床医疗中心副主任。并兼任亚洲内镜与腹腔镜外科医师协会会员、中华医学会内分泌外科学组委员、中国抗癌协会大肠癌专业委员会腹腔镜外科学组委员、《中华胃肠外科杂志》编委、《中国微创外科杂志》编委、《岭南现代临床外科》编委、《消化肿瘤杂志（电子版）》编委。
2009年前任中山大学附属佛山医院胃肠外科主任、腹腔镜结直肠肿瘤微创治疗中心主任和胃肠外科学科带头人，兼任佛山市医学会胃肠外科学分会主任委员、广东省医学会微创外科学分会常委、广东省医学会创伤医学分会常委、广东省医学会外科学分会胃肠外科与营养支持学组委员、广东省抗癌协会大肠癌专业委员会委员、广东省医疗事故技术鉴定专家库成员、佛山市医疗事故技术鉴定专家库成员。在佛山医院胃肠外科工作期间，为医院打造出了一个在国内外医学界影响力较大的、以腹腔镜胃肠微创外科为品牌的专科，并成为了外科界有较高知名度的腹腔镜胃肠微创外科专家，科室一共获得医院的新技术奖30余项、其中一等奖3项。
1983年毕业于广州南方医科大学（原第一军医大学）医疗系，现为华中科技大学同济医学院在职博士研究生。曾到新西兰留学1年、法国巴黎大学欧洲外科学院微创中心和香港东区娜打素医院腹腔镜微创外科中心访问学者。从事普外科临床工作二十余年，对胃肠道肿瘤的预防和诊治有较高造诣，能实施腹部外科的各种大型和高难度手术，尤其是胰腺癌、贲门癌、胃癌、结直肠癌根治以及胃肠道重建方面有丰富的临床实践经验。从2000年开始，着重进行腹腔镜胃肠微创外科的研究，应用腹腔镜微创技术施行胰腺切除、脾切除、胃切除、小肠切除和结直肠切除手术，尤其擅长腹腔镜下胃癌和结直肠癌的根治性切除手术，使中低位直肠癌患者手术后保留肛门的比例明显提高，并达到国内和国际的先进水平。目前已完成腹腔镜结直肠切除手术1000余例（包括全结肠切除、右半结肠切除、横结肠切除、左半结肠切除、直肠前切除和腹会阴联合切除等手术，其中腹腔镜结直肠癌切除手术900余例），在国内名列前茅。曾经多次应邀到美国、法国、意大利、西班牙、巴西、澳大利亚、日本、韩国等国家以及国内各地进行学术交流、专题演讲和手术演示。还受邀请到北京大学肿瘤医院、哈尔滨医科大学附属一院、武汉华中科技大学同济医院、中山大学肿瘤医院、湖南省肿瘤医院、福建省人民医院、广东省中医院以及湖北、江苏、浙江、云南、江西、广西、海南、广东等省的三甲医院，指导开展腹腔镜胃肠肿瘤切除手术。多年来，为全国各地医院培养了数百名腹腔镜胃肠微创外科专科医师。
主要学术贡献： 2002年成功施行全国首例Scoratres远程合作系统与AESOP机器人辅助下腹腔镜乙状结肠癌切除术，2003年开展全国首例腹腔镜全结肠切除术治疗多原发结肠癌，目前已完成腹腔镜结直肠切除手术1000余例（其中结直肠癌手术900余例）、腹腔镜胃切除手术100余例。2005年开展腹腔镜胃减容和袖套状胃切除手术治疗肥胖症（单纯性肥胖和Ⅱ型糖尿病）。发表相关的医学论文30余篇，主编和参编专著3部《微创外科手术与麻醉》、《实用微创外科手册》和《微创普通外科全真手术》，译著2部《腹腔镜结直肠手术》和《腹腔镜结直肠外科手术技巧》。荣获省级科技一等奖1项、国家发明专利1项和第三届国际内镜“恩德思”奖。2005年参与中国抗癌协会大肠癌专业委员会腹腔镜外科学组和中华医学会腹腔镜外科学组共同拟定的腹腔镜结直肠切除手术规范指南的制定。2006年和2008年分别在韩国（ELSA2006）和日本（ELSA2008）举行的亚洲内镜与腹腔镜外科年会上作《Laparoscopic-assisted Total Colectomy for Multiple
Colon Cancer》和《Laparoscopic Colorectomy for Colorectal
Cancer: a report of 745 cases》、《Retrospective
Trial Comparing the Procedures of Colostomy in
Laparoscopic-assisted Abdominoperineal Resection》的大会专题演讲，2002年和2008年在佛山医院分别主办两次大型国际腹腔镜胃肠微创外科会议。"
肺气肿,石力,,对支气管哮喘、慢支、肺气肿、间质性肺炎、结核性胸膜炎、风湿病、糖尿病及各种中毒的诊断治疗有专长。,鸡西矿业集团总医院,"石力 呼吸内科主任医师 教授 从事内科临床工作20余年。对支气管哮喘、慢支、肺气肿、间质性肺炎、结核性胸膜炎、风湿病、糖尿病及各种中毒的诊断治疗有专长。有多篇论文在国家级、省级杂志上发表。
出诊时间：星期一下午 星期三上午"
肺气肿,李斌武,,对各类型糖尿病、甲状腺疾病、类风湿、红斑狼疮、慢支、肺气肿、间质性肺炎、结核性胸膜炎、支气管哮喘等疾病的诊断及治疗有专长。,鸡西矿业集团总医院,"李斌武 呼吸内科主任医师 教授 从事内分泌内科工作10余年。对各类型糖尿病、甲状腺疾病、类风湿、红斑狼疮、慢支、肺气肿、间质性肺炎、结核性胸膜炎、支气管哮喘等疾病的诊断及治疗有专长。在国家级、省级杂志上发表论文10余篇。
出诊时间：星期五上午"
肺气肿,张伟,,治疗支气管扩张、肺炎、急慢性支气管炎、肺气肿、肺心病等。,广州中医药大学第一附属医院,
肺气肿,张帆,,对支气管哮喘、慢支、肺气肿、间质性肺炎、结核性胸膜炎，尤其是风湿病、类风湿性关节炎、硬皮病、红斑狼疮、粮尿病及各种中毒的诊治有专长。,鸡西矿业集团总医院,"张帆 呼吸内科主任医师 教授,从事内科临床工作20余年，对支气管哮喘、慢支、肺气肿、间质性肺炎、结核性胸膜炎，尤其是风湿病、类风湿性关节炎、硬皮病、红斑狼疮、粮尿病及各种中毒的诊治有专长。有15篇论文发表在国家及省级杂志，出版医学专著一部。

出诊时间：周二、六上午"
肺气肿,汪得喜,,处理哮喘、顽固性咳嗽、肺气肿、气胸、胸腔积液（肺积水）等常见病以及对呼吸系统疑难病进行诊治分析。,广州市红十字会医院,副教授、硕士研究生导师、内科主任
肺气肿,赵娃娜,,有多篇论文在国家级、省级杂志上发表。,鸡西矿业集团总医院,"赵娃娜 呼吸内科主任医师 教授 从事呼吸内科临床工作20余年。对支气管哮喘、慢支、肺气肿、间质性肺炎、结核性胸膜炎、风湿病、糖尿病及各种中毒的诊断治疗有专长。有多篇论文在国家级、省级杂志上发表。
出诊时间：星期二下午 星期六上午"
肺气肿,孙玉莹,,治疗支气管炎、肺气肿、肺心病，支气管扩张、气胸、呼吸系统肿瘤方面有丰富经验。,哈尔滨市第四医院,"呼吸内科主任,主任医师 ,1963年哈医大医疗系本科毕业。治疗支气管炎、肺气肿、肺心病，支气管扩张、气胸、呼吸系统肿瘤方面有丰富经验。每周一、四在门诊二楼呼吸内科出诊。"
肺气肿,钮善福,,专长：慢性肺气肿、哮喘、呼吸衰竭。,复旦大学附属中山医院,"姓名：钮善福
科室：呼吸科
职称：教授
出诊时间： 周四上午 周三上午（特需）
医疗专长：慢性肺气肿、哮喘、呼吸衰竭。"
肺气肿,陈玉玲,,"擅长内科呼吸系统疾病的诊治,尤其慢支、肺气肿、呼吸衰竭、支气管哮喘、肺弥漫性疾病复杂疾病的诊治。",徐州医学院附属医院,主任医师、副教授。
腹股沟疝,马丽霜,,从事新生儿外科、普外专业。熟练掌握新生儿外科疾病的诊断及手术治疗，如：先天性巨结肠、肛门闭锁、食管闭锁等，能够应用腹腔镜技术熟练完成先天性食管裂孔疝、膈疝、先天性肠旋转不良、肠扭转、婴儿肥厚性幽门狭窄、胆囊切除、卵巢囊肿切除、腹股沟斜疝、腹部肿瘤、急、慢,首都儿科研究所附属儿童医院,"医学硕士,曾赴美国芝加哥大学COMER儿童医院、伊利诺依大学HOPE儿童医院学习。从事新生儿外科、普外专业。熟练掌握新生儿外科疾病的诊断及手术治疗，如：先天性巨结肠、肛门闭锁、食管闭锁等，能够应用腹腔镜技术熟练完成先天性食管裂孔疝、膈疝、先天性肠旋转不良、肠扭转、婴儿肥厚性幽门狭窄、胆囊切除、卵巢囊肿切除、腹股沟斜疝、腹部肿瘤、急、慢性阑尾炎等疾病的腹腔镜微创手术。对小儿急腹症的诊断与治疗具有丰富的经验。在小儿血管瘤的综合评判以及治疗方面具有独到之处，积累了丰富经验。"
腹股沟疝,张英男,,专业特长：能对普外科、血管外科常见病、多发病进行诊断和治疗，特别是各种动脉疾病的人工血管旁路移植和微创介入支架技术；大隐静脉曲张的微创手术和激光治疗；下肢深静脉血栓的手术及介入治疗、滤器植入技术；腹股沟疝的无张力修补技术；胸腹主动脉瘤的介入和手术治疗；布加综合症的综合治疗；肠系膜动静脉血栓的手术及介入治疗；后腹膜肿瘤的根治性切除人工血管置换术等。,哈尔滨医科大学附属第二医院,"张英男 男 1991年哈医大31期本科医疗系毕业生，1997年硕士毕业，同年11月晋为主治医师，2002年晋为副主任医师，2005年获博士学位，2008年晋为主任医师。现为哈医大二院血管外科副主任，硕士生导师。

专业特长：能对普外科、血管外科常见病、多发病进行诊断和治疗，特别是各种动脉疾病的人工血管旁路移植和微创介入支架技术；大隐静脉曲张的微创手术和激光治疗；下肢深静脉血栓的手术及介入治疗、滤器植入技术；腹股沟疝的无张力修补技术；胸腹主动脉瘤的介入和手术治疗；布加综合症的综合治疗；肠系膜动静脉血栓的手术及介入治疗；后腹膜肿瘤的根治性切除人工血管置换术等。"
腹股沟疝,裘正军,,医疗专长： 胰腺、胆道、肝脏肿瘤的治疗和腹腔镜手术 。,上海第一人民医院,"姓名：裘正军
科室：普外科
职称：主任医师、教授、博导
专家门诊时间： 星期一下午特需门诊(北部)
我院普外科副主任，毕业予温州医学院，1993年获医学博士学位。从事普外科和微创外科工作，能处理普外科疑难病症，熟练掌握各类普外科手术技术（包括胃癌根治术、大肠癌根治术、各种肝脏手术、胆道手术、胰腺手术、乳腺癌根治术、甲状腺手术，以及腹腔镜手术等）。在胆石症、胆道肿瘤、胰腺肿瘤、肝脏疾病、胃肠道肿瘤、急性重症胰腺炎的诊断和治疗及腹腔镜手术方面取得较好成绩。每月主刀腹腔镜手术（胆囊切除术、腹膜外腹股沟疝修补术、肝囊肿开窗引流术、胃十二指肠溃疡穿孔修补术、腹部疾病的诊断等）近30例，无并发症，疗效满意。对胆囊癌和胰腺癌的治疗，采用以手术为主的综合治疗，取得较好疗效。对急性重症胰腺炎的治疗以非手术为主，按有无胰腺坏死组织感染决定手术与否，使治愈率提高到90%以上。"
腹股沟疝,张健,姓名：张健,张健，男，1955年9月出生。 1980年毕业于南京医学院医疗系。现任外科副主任医师，1984年在上海市红十字医院进修，1989年在江苏省高级医师进修班学习1年，从事临床工作23年，具有优秀的职业素质，扎实的临床外科基础理论及熟悉、精细、稳健的手术风格。,南通市中医院,
腹股沟疝,陈晓滨,,擅长新生儿普外科疾病(先天肠闭锁、锁肛、脐膨出、腹裂)的诊断治疗，小儿普外科疾病(先天巨结肠、先天胆总管囊肿等)的诊断治疗，微创手术，在腹腔镜辅助下开展阑尾切除术 、腹股沟斜疝等手术。,哈尔滨市儿童医院,陈晓滨 男， 主任医师，毕业于哈尔滨医科大学，擅长新生儿普外科疾病(先天肠闭锁、锁肛、脐膨出、腹裂)的诊断治疗，小儿普外科疾病(先天巨结肠、先天胆总管囊肿等)的诊断治疗，微创手术，在腹腔镜辅助下开展阑尾切除术 、腹股沟斜疝等手术。
腹股沟疝,王人颢,,擅长对肝脏、胆道、胰腺、脾脏疾病的诊断和治疗以及使用腹腔镜、胆道镜处理外科疾患。熟练进行甲状腺、乳腺、胃肠肿瘤、肝胆肿瘤和结石、胰腺肿瘤以及重症胰腺炎等的外科治疗。,徐州医学院附属第三医院,现任徐州医学院附属第三医院副院长，是中华医学会会员、徐州医学会普外专业委员会委员、徐州市医疗事故技术鉴定和徐州市健康教育和健康促进专家库成员。
腹股沟疝,唐健雄,,消化道肿瘤诊治、无张力疝修补。,复旦大学附属华东医院,"姓 名： 唐健雄
职 称： 主任医师
科 室： 普外科
专家门诊时间： 星期四下午
普外科主任医师、教授；华东医院“疝和腹壁外科疾病治疗与培训中心”主任；上海市医学会普外科专业委员会委员；中华外科学会疝和腹壁外科学组副主任委员。《中国实用外科杂志》和《外科理论与实践杂志》编委。1992年至2003年六次赴美国访问学习。1997年在国内率先开展了无张力疝修补技术治疗腹外疝的工作，已应用数种无张力修补术式治疗了各类腹股沟疝近1200例，各类腹壁疝200例。研究课题有：应用“无张力修补技术治疗腹外疝”和“腹股沟疝的流行病学多中心研究”。参与中华外科学会《腹股沟疝、股疝治疗方案》和《切口疝治疗方案》的制定工作。与国内的有关专家共同提出了“腹股沟疝治疗的全面修复”理论。参加了《Nyhus & Condons 疝外科学》的翻译工作，并担任正在编写的《现代疝外科学》的副主编。"
腹股沟疝,谭敏,,现为中山一院微创外科主任。在胸、腹腔镜及十二指肠镜上有较为丰富的临床手术经验，尤其对胸腔镜胸交感神经切断术治疗双手多汗症，食管癌，食管平滑肌瘤，反流性食管炎，膈疝，周围型小肺癌，气胸，胸腺及纵膈肿瘤，脾脏，消化道特别是胃、肠道疾病和肿瘤如胃平滑肌瘤，胃癌,中山大学附属第一医院,
腹股沟疝,鲁纯智,,疝气,北京医院,医学博士、主任医师. 1987年毕业于哈尔滨医科大学五年制临床医学系，获学士学位。1992年10月～1996年10月作为博士研究生由原教育部及卫生部公派赴俄罗斯国立医科大学外科疾病教研室攻读医学博士学位，1996年10月荣获医学博士学位；1987年至今卫生部北京医院外科住院医师、总住院医师、主治医师、副主任医师、主任医师。
肾囊肿,范东,,精通普通外科常见病的诊治技术,牡丹江医学院红旗医院,"范东，男，45岁，1985年毕业于哈尔滨医科大学医疗系，1991年哈医大外科学硕士研究生毕业，从事普通外科工作22年，现任牡丹江医学院红旗医院普外科主任，主任医师、教授。九三学社牡丹江市市委委员、牡丹江医学院支社副主委。
22年来参加普通外科手术7000余例，主刀完成手术4000余例，无医疗事故发生。精通普通外科常见病的诊治技术，为牡丹江市著名、省内知名、国内有名的普通外科专家。主刀完成的重要手术中主要包括：化脓性甲状腺炎及复发性甲状腺癌的手术；青年重症甲状腺机能亢进症的手术治疗；乳腺癌根治术；联合切除肝、胰、脾、肠的胃癌扩大根治手术；肝半切及门脉高压脾肾分流术；全系膜切除直肠癌根治术；腹膜后巨大肿瘤切除术；各种急、危、重症的救治；颈动静脉及股动脉损伤的救治；颈、肱、股动脉血栓的球囊导管取栓术；自体血管动脉旁路移植术；下肢静脉曲张的微创治疗；腹腔镜手术等。高位肠瘘的肠外营养支持治疗及重症胰腺炎的综合治疗都取得显著的成绩。
现已主持完成腹腔镜下手术近3000例，其中包括腹腔镜下胆囊切除术、甲状腺手术、阑尾切除、肠粘连松解、疝手术、卵巢肿瘤切除、肝囊肿、肾上腺手术、直肠癌手术、脾手术、肺手术等。腹腔镜胆囊切除术无手术并发症及术后再开腹，该项指标达到国内、国际最好成绩。开展了腹腔镜的教学，培养了许多腔镜外科医生。为牡丹江市乃至黑龙江省腔镜外科的发展做出了重要贡献。该研究获牡丹江医学院科技进步二等奖，牡丹江市科技进步二等奖。
1998年开始开展Fogarty球囊导管肢体动脉取栓术，挽救了许多病人的肢体。该研究获牡丹江市科技进步四等奖。

中华医学会黑龙江省普通外科、腔镜外科、血管外科、胃肠外科、肝胆外科专业委员会委员；中国抗癌协会黑龙江省乳腺癌专业委员会委员；东北三省血管外科协会委员；牡丹江市医学会普通外科（含儿外、烧伤）专业委员会副主任委员；牡丹江市抗癌协会副理事长。

电话：13766666021
0453-6582800转8124
0453-6586564（直线）"
肾囊肿,陈方,,擅长： 泌尿系畸形的矫治和重建，如肾重复畸形、肾积水、输尿管积水和囊肿、膀胱输尿管返流、尿道下裂、尿道上裂、两性畸形等。擅长泌尿系肿瘤如肾母细胞瘤、膀胱横纹肌肉瘤等的治疗，擅长泌尿系腔镜手术如尿道瓣膜切除、膀胱肿瘤切除、腹腔镜下肾切除等 。,上海市儿童医院,"陈方，科室： 上海市儿童医院 小儿泌尿外科 ，主任医师，博士，博士研究生导师，1985年毕业于上海医科大学医学系，1997.9-1999.9获国家教委留学基金资助，作为访问学者赴美国哈佛大学医学院及波士顿儿童医院，从事组织工程学的研究。现为美国儿科学会泌尿外科学分会会员，亚太小儿泌尿外科医师协会学术委员会主席，中华泌尿外科学会委员，中国医师协会泌尿外科分会委员，中华小儿外科学会青年委员，中华小儿外科学会泌尿外科学组副组长，World Journal of Pediatrics 编委，中华小儿外科杂志常务编委, 上海市小儿外科学会副主任委员，上海市泌尿外科学会委员、秘书，欧美同学会医务分会副主委。
特需门诊时间：周三上午"
肾囊肿,毛羽,,能熟练的完成肝癌或肝外伤的不规则半肝切除、胆囊癌根治切除术、完成了所有的门腔静脉分流术（脾肾，门-肠系膜上，门-腔），WHIPPLE手术。,北京地坛医院,"毛羽，1982年毕业于首都医科大学医疗系。现为地坛医院外科教授，主任医师，院长。首都医科大学硕士研究生导师，一直从事肝胆胰专业工作。共实行手术6000余例。已实施了包括肝移植的几乎所有肝胆胰手术。能熟练的完成肝癌或肝外伤的不规则半肝切除、胆囊癌根治切除术、完成了所有的门腔静脉分流术（脾肾，门-肠系膜上，门-腔），WHIPPLE手术。带领指导下级医熟练完成胆囊切除、脾切除、胆总管取石及探察术，完成肝脏楔型切除，胆管肠吻合等。无严重的并发症出现。1996年以来我引进开展了B超引导下经皮肝脏囊肿及脓肿穿刺治疗，共治疗40余例病人，囊肿直径最大的22 CM，所有病人都收到了满意的效果，无并发症出现。另外推进及参与新技术的使用，如腹腔镜手术，十二指肠镜的乳头切开术等。
现已有5名研究生毕业，并有另外3名研究生在读。科研工作在肝脏缺血再灌注损伤的保护，胰岛细胞移植等方面。发表论文20余篇。参编书籍3部。
现任：
首医学报编委
肝胆外科杂志编委
腹部外科编委
中华肝胆外科杂志编委
中华外科杂志通讯编委
中华医学会外科学会肝学组委员
中华医学会北京外科分会委员
北京医院管理协会第三届常务理事
北京外国医师考评组专家
北京医学教育协会第二届理事会常务理事
第四届北京实验动物管理委员会 委员
北京医学奖励基金会 专家委员会 主任委员
北京对外友好协会 理事
北京卫生法研究会 第三届理事会 理事
中国青年科技工作者协会第二届 理事
中国社会工作协会传染病防治基金 理事
北京传染病学会 理事
北京医师学会第二届理事会 理事"
肾囊肿,夏泽,姓名：夏泽,男， 1950年出生，主任医师，副教授，全国介入超声专业委员会委员，省超声专业委员会委员，省超声医学工程学会理事，省中西结合影像专业委员会扬州常务委员，市超声专业委员会主任委员。,江苏省苏北人民医院,
肾囊肿,董晓秋,,妇产科介入诊疗术及产前诊断;诊断不孕症中输卵管狭窄造影再通术;诊断胎儿畸形情况;巧克力囊肿穿刺诊疗术;肝、肾、卵巢单纯囊肿治疗术;肝、肾病变的组织活检及治疗术;各种原因的盆腔积液治疗术、术后难治性的盆腔积液;各种胸腹腔积液穿刺诊疗术,哈尔滨医科大学附属第四医院,"董晓秋，女， 哈医大四院影像教研室副主任 超声科主任 教授 主任医师 硕士生导师
学术地位：
中华医学会科学普及学会 委 员
中华医学会超声医学分会 青年委员
中国医师协会超声医师分会 委 员
中国超声医学工程学会 理 事
中华医学会黑龙江分会超声专业委员会 副主任委员
中国超声医学工程学会黑龙江分会 常务理事
黑龙江省医师协会超声专业委员会 副主任委员
黑龙江省女医师协会 常务理事
哈尔滨市医师协会超声专业医师分会 副主任委员
哈尔滨市医学会超声医学专业委员会 副主任委员
哈尔滨市超声医学工程学会 副理事长
哈尔滨市医师协会超声专业医师分会 副主任委员
《黑龙江医学》 编 委
《中华现代影像学杂志》 常务编委
《中国超声医学杂志》 编 委
《中国肿瘤临床》 特约审稿专家
国家自然基金专家库 专 家
国家863计划专家库 专 家
黑龙江省医学会医疗事故技术鉴定专家库 专 家
哈尔滨市医疗事故鉴定专家组 成 员
技术专长：
一九八六年毕业于哈尔滨医科大学，留校于哈尔滨医科大学附属第二医院超声科，成为哈医大历史上第一位本科学历的超声人。曾获日本超音波学会奖学金在日本秋田大学研修。二十三年来共诊治患者50多万人次，在腹部、妇产科、小器官诊断中有着丰富的经验和极深的造诣，作为特诊专家，现疑难杂症会诊率占日工作量的80％以上。她勇于创新，开展了具有国际水平的超声造影技术、超声引导下介入手术、胃肠超声造影技术及胎儿畸形的系统筛查等最先进的技术。其中超声介入治疗技术在全省乃至全国影响很大。平均每年介入手术人次多达500人次，已成为黑龙江省超声介入治疗第一人。

担任着进修生、大专生、医学影像本科生、夜大影像本科生、医疗专业本科生及七年制本硕连读、究生等多轨道学生的理论课及实习课的教学任务。承担着黑龙江省继续教育项目及大型仪器上岗、计生委等培训任务，仅为我省培养超声专业人员这一项就达5000人之多。"
肾囊肿,叶辉,,现从事小儿普通外科、泌尿外科。,首都儿科研究所附属儿童医院,"1982年毕业于中国医科大学，主任医师、教授、小儿外科主任。现从事小儿普通外科、泌尿外科。中华医学会小儿外科分会泌尿学组委员、北京医学杂志编委、

中国微创外科杂志特约编委、临床小儿外科杂志编委、北京市卫生局高级技术职称评审委员会专家库成员、中华医学会医疗事故鉴定委员会专家库成员、卫生部中级技术职称考试委员会委员。发表的主要文章：《腹腔镜在分期Fowler-Stephens睾丸固定术中的应用》、《尿道板纵切卷管法与加盖岛皮瓣在尿道下裂治疗中的比较》、《小儿重肾31例分析》、《结肠与直肠外科学》、《 实用小儿外科学》、《小儿输尿管囊肿》、《腹腔镜在隐睾中的应用》、《先天性后尿道瓣膜10例》、《小儿闭合性肾损伤的诊治》、《小儿左肾颗粒细胞癌临床报告及文献复习》。"
肾囊肿,徐辉雄,,从事超声医学15年，医疗专长为腹部（肝、胆、胰、脾、肾等）疾病及小器官（甲状腺、乳腺、睾丸、浅表组织等）疾病超声诊断及超声引导介入诊疗（活检、置管引流、囊肿硬化、肿瘤消融等）。擅长超声引导肝脏肿瘤消融治疗及超声造影。,中山大学附属第一医院,
恶性肿瘤,侯书海,,对恶性肿瘤诊断和治疗有丰富的临床经验，在恶性肿瘤放射治疗、适形精确放疗、全身各部位X—刀治疗方面有专长。,鸡西矿业集团总医院,"侯书海 肿瘤放射治疗科主任医师 教授 黑龙江省肿瘤放疗专业委员会委员 鸡西市肿瘤防治中心委员，1991年大学本科毕业，从事肿瘤专业工作。曾赴上海、南京等专科医院进修学习，对恶性肿瘤诊断和治疗有丰富的临床经验，在恶性肿瘤放射治疗、适形精确放疗、全身各部位X—刀治疗方面有专长。获得鸡西科技成果二等奖一项，在省级以上杂志发表论文10余篇。

出诊时间：周一下午、周三上午"
恶性肿瘤,周小寒,,医疗专长： 恶性肿瘤的早期诊断和综合治疗 。,上海第一人民医院,"姓名：周小寒
科室：肿瘤科
职称：主任医师、教授
专家门诊时间： 星期一下午特需门诊(北部)
毕业于上海医科大学，先后从事普内科、消化内科、肿瘤内科工作40余年，擅长对恶性肿瘤的早期诊断和综合治疗。"
恶性肿瘤,葛平信,,擅长各类妇科疾病的诊断及治疗，尤其对妇科恶性肿瘤手术及治疗有独到之处。,长春市妇产医院,葛平信，妇一疗区主任、主任医师，长春市知名专家。1977年毕业于白求恩医科大学，从事妇产科临床工作31年，有丰富的临床工作经验。擅长各类妇科疾病的诊断及治疗，尤其对妇科恶性肿瘤手术及治疗有独到之处。
恶性肿瘤,陈军,,胃肠道恶性肿瘤的手术治疗及综合治疗,上海第二医科大学附属瑞金医院,"专家姓名： 陈军
开诊时间： 周四上午;
开诊科室： 门诊普外
专家介绍： 胃肠道恶性肿瘤的手术治疗及综合治疗"
恶性肿瘤,生秀杰,,擅长：妇科肿瘤，包括各种妇科良恶性肿瘤的手术治疗，以及各种恶性肿瘤的规范化管理及治疗。在腹腔镜手术方面也有良好的功底。,广州医科大学附属第三医院,
恶性肿瘤,李军民,,血液恶性肿瘤及血小板减少性紫癜,上海第二医科大学附属瑞金医院,"专家姓名： 李军民
开诊时间： 周五上午;
开诊科室： 门诊血液
专家介绍： 血液恶性肿瘤及血小板减少性紫癜"
恶性肿瘤,徐伟,,医疗专长： 各种妇科良、恶性肿瘤的诊断和治疗,上海第一人民医院,"姓名：徐伟
科室：妇产科
职称：主任医师
专家门诊时间： 星期四上午北部专家门诊(北部) 星期四下午北部专家门诊(北部)
毕业于上海医科大学。长期从事妇产科临床医疗工作，擅长对各种妇科良、恶性肿瘤的诊断和治疗，并积累了丰富的经验。"
恶性肿瘤,陈可靖,,专长：放射性核素内放射治疗，恶性肿瘤转移性骨病 。,复旦大学附属中山医院,"姓名：陈可靖
职称：教 授
科室：核医学
出诊时间：周二上午
医疗专长：放射性核素内放射治疗，恶性肿瘤转移性骨病 。"
恶性肿瘤,王凤英,,专长：各系统恶性肿瘤的放射治疗 。,复旦大学附属中山医院,"姓名：王凤英
职称：教 授
科室：肿瘤放疗
出诊时间：周四上午
医疗专长：各系统恶性肿瘤的放射治疗 。"
恶性肿瘤,黄瑾,,在临床第一线从事临床、教学及科研工作，有扎实的专业基础理论和较为全面的专业知识，熟悉恶性肿瘤、疑难病症的诊治，掌握恶性肿瘤的常规放疗，三维适形放疗和调强适形放疗以及恶性肿瘤的综合治疗。,常州市第一人民医院,女，放疗科主任医师，临床专业方向为恶性肿瘤的放射治疗。
胃癌,陈金联,,主要从事胃癌、胃炎、癌前病变的临床与基础研究，以及慢性肝病治疗的有关研究。,上海市第六人民医院,"消化内科主任医师，教授，博导，医学博士。现任消化病实验室副主任。擅长消化病临床诊治。曾完成“胃癌化疗耐药性及小肠出血的内镜诊断”临床研究。现为中华医学会上海市肝病学会委员。

专家门诊时间: 星期四下午"
胃癌,陈强,,擅长： 擅长胃肠道肿瘤的诊治。,上海交通大学医学院附属新华医院,"职称： 主任医师
科室： 肿瘤科
简介： 主任医师、教授、硕士生导师。长期从事胃癌的早期诊断、治疗研究，先后担任上海交通大学医学院附属新华医院内科主任、新华医院肿瘤中心主任、新华医院业务副院长，现任新华医院肿瘤内科教授，香港李嘉诚基金会新华医院宁养院主任，同时兼任中国抗癌协会胃癌专业委员会委员兼内科学组副组长、上海市疾病预防控制中心胃癌专题组组长、上海抗癌协会胃肠肿瘤专业委员会名誉主任委员、上海抗癌协会癌症康复与姑息治疗专业委员会委员、国际胃癌协会（IGCA）委员。擅长胃肠道肿瘤的诊治。

门诊： 周二上午(特需)。"
胃癌,马立业,,擅长疾病: 胃肠、乳腺、甲状腺肿瘤的手术治疗、晚期胃癌手术、晚期胃癌伴肝转移的治疗。,第二军医大学第一附属医院,"专家姓名: 马立业职称: 主任医师、教授所属科室: 普外一科
马立业 1977年考入上海第二军医大学医疗系，毕业后分到第二军医大学普外科， 1985年考为华积德教授的研究生，1993年1月到美国芝加哥Rush大学医疗中心进修两年。任中华创伤学会交通伤学组委员，中华国际医学杂志编委，中华航海医学杂志特约编审。全军创伤胸腹部创伤组委员。
擅长：胃肠、乳腺、甲状腺肿瘤的手术治疗、晚期胃癌手术、晚期胃癌伴肝转移的治疗。
联系电话：13801825486"
胃癌,魏品康,,魏教授以临床指导科研，以胃癌痰证本质研究作为核心指导研究生的培养工作，多年来围绕消痰散结治则，从消痰单药到经典导痰汤到消痰散结复方进行了多角度、多层次、多靶点的研究，形成了体系。初步探索揭示了中医病因痰的病理机制，非常符合肿瘤生长、发展的生物学特性。,上海长征医院,"姓名：魏品康
单位：第二军医大学附属长征医院
职称：主任医师,教授
男，现任中医科、中医教研室主任，主任医师、教授，博士生导师，国家首批师承制博士生导师。1982年毕业于第一军医大学中医系。任全军中医学会常务理事、中华中医学会内科专业委员会常委、中华中西医结合学会消化专业委员会常委、上海市中西医结合学会常务理事、消化专业委员会主任委员、《第二军医大学学报》编委、《武汉大学学报》编委。曾获上海市卫生系统首届“银蛇奖”一等奖、全国百名医学科学之星、全国百名杰出中青年中医、全军院校育才银奖、全军中医先进个人。
魏品康教授在中西医结合防治消化道肿瘤上钻研近30年，取得了丰硕成果。魏教授基于中医经典痰证理论与现代医学相结合，建立了胃癌痰证新学说—“胃癌-痰-污染学说”，创新确立了“恶痰”、“痰浊”、“痰络”新概念。以此为基础确立胃癌从痰论治的学术思想，以消痰散结作为胃癌治疗的核心法则，规范化中西医结合胃癌治疗方案，开创了胃癌治疗的“散结八法”、“主症八法”、“扶正八法”系列治法，临床运用取得满意疗效。多年经验方“消痰散结复方”（金龙蛇口服液）以军临制剂临床运用20余年，目前已处于抗肿瘤新药的临床前研究阶段。在其带领下中医科已是国家重点学科、国家中医药管理局中西医结合胃癌专病中心、上海市中西医结合胃癌特色专科。


目前中医科是博士、硕士授权点，培养研究生38名。"
胃癌,孙玉琢,,熟练掌握外科疾病、抢救及手术治疗，对甲状腺疾病、乳腺癌、胃癌、肠癌、胆囊炎等各种手术经验丰富。,齐齐哈尔医学院第一附属医院,孙玉琢，男，主任医师，教授，黑龙江省抗癌协会胃癌专业委员会委员，熟练掌握外科疾病、抢救及手术治疗，对甲状腺疾病、乳腺癌、胃癌、肠癌、胆囊炎等各种手术经验丰富。
胃癌,詹文华,,主要医疗专长是胃肠和胰腺肿瘤的诊断和外科治疗，,中山大学附属第一医院,从事普通外科工作四十多年，在胃肠胰腺外科及其营养支持方面积累了丰富的临床经验。胃癌病人手术后生存率有明显的提高。是目前国内业界公认的胃癌标准淋巴结清扫和胃癌扩大切除手术的领军人物，先后受国内30多个省市大型医疗单位邀请进行胃癌、胃肠间质瘤的手术表演和学术演
胃癌,孙益红,,擅长胃癌、大肠癌等普通外科疾病诊治。,复旦大学附属中山医院,孙益红，男，主任医师 。擅长胃癌、大肠癌等普通外科疾病诊治。
胃癌,裴东坡,,胃癌、结肠癌、直肠癌等外科手术、微创手术及综合治疗,北京中日友好医院,裴东坡，主任医师，硕士研究生导师。 学习工作经历：毕业于白求恩医科大学，从事普外科专业20余年。 专业特长：擅长胃癌、结肠癌、直肠癌等外科手术、微创手术及综合治疗。对胃肠道疾病诊断及治疗、疑难病诊断治疗具有丰富经验。
胃癌,刘天舒,,专长：胃癌、肠癌、转移性肝癌及其它恶性肿瘤的内科治疗。,复旦大学附属中山医院,"姓名：刘天舒
职称：主任医师
科室：肿瘤内科
出诊时间：周三、四上午， 周一下午
医疗专长：胃癌、肠癌、转移性肝癌及其它恶性肿瘤的内科治疗。"
胃癌,张岂凡,,"主要从事消化系统恶性肿瘤和乳腺肿瘤的基础与临床研究,是中国胃癌扩大根治术的开拓者。",哈尔滨医科大学附属第四医院,"张岂凡，男，教授 主任医师 医学博士 博士生导师 黑龙江省腹部肿瘤外科学术带头人，肿瘤外科
学术地位：
中华医学会……………………………………………………………………………理 事
中华医学会肿瘤学分会………………………………………………………………常 委
中国抗癌协会………………………………………………………………………名誉副理事长
中国抗癌协会胃癌专业委员会……………………………………副主任委员、外科学组组长
中国抗癌协会肉瘤专业委员会………………………………………………………常 委
中国抗癌协会肝癌专业委员会………………………………………………………委 员
中国医师协会…………………………………………………………………………理 事
黑龙江省肿瘤学会……………………………………………………………………主任委员
黑龙江省抗癌协会………………………………………………………………………理事长
黑龙江省医学会………………………………………………………………………常务理事
黑龙江省医师协会……………………………………………………………………常务理事
黑龙江省医院管理协会………………………………………………………………常务理事
《实用肿瘤学杂志》…………………………………………………………………主 编

张岂凡是我国著名的肿瘤学家、黑龙江省肿瘤外科学科带头人，主要从事消化系统恶性肿瘤和乳腺肿瘤的基础与临床研究,是中国胃癌扩大根治术的开拓者。自80年代初对胃癌临床病理学进行了深入的研究，在国内首次系统全面报告了胃癌淋巴转移的规律，据此提出并在国内大力倡导扩大根治手术，完成胃癌根治术5千余例，将术后5年生存率从20%提高到49%，走在国内胃癌外科治疗的前列。受卫生部委托，主持完成了《胃癌根治Ⅳ式手术》、《远端胃癌根治术》等教学录像带，作为医学继续教育的教材全国发行。在国内多次演讲推广规范的胃癌根治手术，为推动胃癌根治手术在国内的广泛开展、提高我国胃癌术后5年生存率作出了巨大贡献。被国务院授予“作出突出贡献的中国硕士学位获得者”、卫生部授予“首届全国优秀中青年专家”“全国百名中青年医学科技之星”、哈尔滨市政府授予“首届哈尔滨市科技界十大领军人物”等数十项荣誉称号。
张岂凡教授多年来坚持在临床一线为病人服务，倡导恶性肿瘤要早期发现、早期诊断、早期治疗，提出以规范化治疗为指导的个体化治疗和综合治疗。近年来组建了哈尔滨医科大学附属第四医院肿瘤治疗中心，以恶性肿瘤的早期诊断及规范化治疗为特色，依托哈尔滨医科大学附属第四医院先进的诊疗设备，整合多学科的优势，使肿瘤治疗达到规范化、合理化、个体化。自1999年至今共培养博士研究生14名、博士后5名，在张岂凡教授的带领下这些学生现都成为肿瘤学界各条战线的业务骨干，为黑龙江省肿瘤事业作出巨大贡献。"
肝硬化,陈曼,,乳腺等浅表器官、肝纤维化及血管疾病等超声诊断,上海第二医科大学附属瑞金医院,"专家姓名： 陈曼
开诊时间： 周一上午;周四下午;
开诊科室： 门诊B超
专家介绍： 乳腺等浅表器官、肝纤维化及血管疾病等超声诊断"
肝硬化,漆德芳,,肝硬化、溃疡性结肠炎、重症胰腺炎等危重病人的救治、内科疑难杂症的诊治,北京世纪坛医院,中华医学会北京消化学会委员，中华医学会北京中西医结合委员会委员，享受国务院政府特殊津贴的专家。 擅长肝硬化、溃疡性结肠炎、重症胰腺炎等危重病人的救治、内科疑难杂症的诊治。 1．发表论文40余篇。 2．主编专著：《肝硬化》《消化系统血管疾病》《消化系统疾病自我防治》等。
肝硬化,胡德昌,,专长： 慢性肝炎、混合性肝病、肝硬化的诊治。,复旦大学附属中山医院,"姓名：胡德昌
职称：主任医师
科室：肝 炎
出诊时间：周三、四下午
医疗专长： 慢性肝炎、混合性肝病、肝硬化的诊治。"
肝硬化,肖会泉,,乙肝大、小三阳、肝硬化、脂肪肝、急慢性肠炎等,广州中医药大学第一附属医院,
肝硬化,张琴,,中西医结合治疗慢性肝炎、肝炎肝硬化、脂肪肝,上海市公共卫生临床中心,张琴 主任医师 周四（上海市同心路921号） 市区门诊
肝硬化,谢青,,慢性肝炎、重型肝炎、肝硬化、脂肪肝,上海第二医科大学附属瑞金医院,"专家姓名： 谢青
开诊时间： 周一上午;周四上午;周四下午;
开诊科室： 门诊感染病
专家介绍： 慢性肝炎、重型肝炎、肝硬化、脂肪肝"
肝硬化,蔡伊梅,,"慢性肝病、肝硬化、脂肪肝,寄生虫病",上海第二医科大学附属瑞金医院,"专家姓名： 蔡伊梅
开诊时间： 周三上午;周五下午;
开诊科室： 门诊感染病
专家介绍： 慢性肝病、肝硬化、脂肪肝,寄生虫病"
肝硬化,程国光,,急慢性肝炎、乙肝病毒携带者，脂肪肝、肝纤维化等,广州中医药大学第一附属医院,
支气管扩张,陈飞鹏,,对呼吸系统常见疾病、疑难病例的诊断和治疗具有丰富的临床经验，熟练掌握纤维支气管镜、呼吸机的使用。擅长慢性咳嗽、胸腔积液、支气管哮喘、慢性支气管炎，阻塞性肺气肿、肺部肿瘤、肺炎、肺间质纤维化、支气管扩张和睡眠呼吸障碍等疾病的诊治。,广州医科大学附属第二医院,硕士，呼吸内科主任、硕士研究生导师、中华医学会广东省呼吸学会委员、中华医学会广东结核病分会常委，广州市呼吸学会副主任委员，从事呼吸内科临床、教学和科研工作27年。
支气管扩张,张伟,,治疗支气管扩张、肺炎、急慢性支气管炎、肺气肿、肺心病等。,广州中医药大学第一附属医院,
支气管扩张,朱丽俐,,专长:擅长呼吸科危重病、呼吸系统疾病、间质性肺疾病、肺血管病、哮喘、肺癌早期诊断、肺部感染性疾病（如各类急慢性肺炎、肺脓肿、支气管扩张继发感染、慢性支气管炎 肺气肿和肺心病）的诊治方面，以及重症系统性感染如医院内获得性肺炎和败血症等的病原学诊断、鉴别诊断与抗菌药物的应用具有丰富的临床经验、精通支气管镜技术。,哈尔滨医科大学附属第四医院,朱丽俐，教授、主任医师，专长:擅长呼吸科危重病、呼吸系统疾病、间质性肺疾病、肺血管病、哮喘、肺癌早期诊断、肺部感染性疾病（如各类急慢性肺炎、肺脓肿、支气管扩张继发感染、慢性支气管炎 肺气肿和肺心病）的诊治方面，以及重症系统性感染如医院内获得性肺炎和败血症等的病原学诊断、鉴别诊断与抗菌药物的应用具有丰富的临床经验、精通支气管镜技术。
支气管扩张,孙玉莹,,治疗支气管炎、肺气肿、肺心病，支气管扩张、气胸、呼吸系统肿瘤方面有丰富经验。,哈尔滨市第四医院,"呼吸内科主任,主任医师 ,1963年哈医大医疗系本科毕业。治疗支气管炎、肺气肿、肺心病，支气管扩张、气胸、呼吸系统肿瘤方面有丰富经验。每周一、四在门诊二楼呼吸内科出诊。"
支气管扩张,谭静洲,,擅长应用中西医结合治疗内科常见病，多发病，尤其是对急慢性支气管炎，慢性阻塞性肺气肿，肺源性心脏病，肺县委化，支气管扩张，各型肺炎，支气管哮喘，支气管肺癌，肺脓肿，胸腔积液等呼吸内科多发病疑难病的诊断治疗有其独到之处。,黑龙江中医药大学附属第一医院,"谭静洲，男，1982年毕业于黑龙江中医学院中医系，大学本科学历，从事中医内科临床工作25年，在省及国家级医药刊物发表中医学术论文多篇，1999晋升为付主任医师，现在呼吸内科工作，擅长应用中西医结合治疗内科常见病，多发病，尤其是对急慢性支气管炎，慢性阻塞性肺气肿，肺源性心脏病，肺县委化，支气管扩张，各型肺炎，支气管哮喘，支气管肺癌，肺脓肿，胸腔积液等呼吸内科多发病疑难病的诊断治疗有其独到之处。
出诊时间：周三，六全天。
联系电话：0451-82111401-8740"
支气管扩张,齐秀芳,,,佳木斯市中心医院,"齐秀芳 呼吸内科副主任 主任医师
1990年毕业于佳木斯医学院，曾在北京朝阳医院，北京呼吸病研究所进修。
专长：呼吸衰竭、肺性脑病、酸碱平衡失调、离子紊乱、肺心病、心衰、支气管扩张、重症哮喘、气胸、肺血管病及肺间质病、肺癌、肺炎、肺脓肿、睡眠呼吸暂停综合症等诊断与治疗,纤维支气管镜的检查及治疗。
格言：尊重患者，尊重生命。"
支气管扩张,郑敏宇,,擅长以中西医结合的方法治疗急、慢性支气管炎、慢阻肺、哮喘、肺炎、支气管扩张、间质性肺疾病等，并注重慢性病和亚健康的调理与保健。,上海中医药大学附属龙华医院,"郑敏宇：主任医师，硕士研究生导师，龙华医院特需病房主任
专家门诊：本院：周四上午
分院：周三下午
特需门诊：周二下午"
支气管扩张,周敏,,擅长于：睡眠呼吸暂停综合症、慢性支气管炎、支气管哮喘、支气管扩张、肺栓塞等疾病的诊治及呼吸危重病的抢救治疗。,无锡市人民医院,重症医学科副主任、市医学会呼吸学组副主委兼秘书。
支气管扩张,陶一江,,擅长于各种呼吸系统疾病的抢救，尤其在呼吸衰竭、肺部感染、慢性阻塞性肺疾病、支气管哮喘、支气管扩张伴咯血方面有较高的造诣，对闭塞性细支气管炎也有一定的研究。,南通市第一人民医院,陶一江，呼吸内科主任，主任医师、教授。
子宫肌瘤,王文绣,,月经失调，不孕症，子宫内膜异位症、肌瘤、卵巢囊肿、更年期综合征、及生殖器感染性疾病。,首都医科大学附属北京妇产医院,
子宫肌瘤,张亚兰,,妇科常见病及疑难病症，小儿妇科、子宫肌瘤、卵巢囊肿、子宫脱垂、盆底松驰修复。,首都医科大学附属北京妇产医院,
子宫肌瘤,盛洁,,擅长各类妇科良性疾患的手术和保守治疗，包括腹腔镜治疗卵巢囊肿、子宫内膜异位症、子宫肌瘤、子宫腺肌病、不孕症、宫外孕；宫腔镜治疗子宫内膜息肉、子宫粘膜下肌瘤、子宫纵隔；锥切治疗重度宫颈上皮内瘤样病变及经阴道手术治疗子宫和阴道脱垂等。,首都医科大学附属北京妇产医院,主任医师 医学博士
子宫肌瘤,杨秀兰,,对治疗子宫肌瘤、子宫内膜异位症、功血及盆腔炎症有专长。,长春市妇产医院,杨秀兰，毕业于白求恩医科大学，主任医师。从事妇产科临床工作三十余年，经验丰富，业务能力强，全面扎实地掌握本专业基础理论和现代医学基本知识，对治疗子宫肌瘤、子宫内膜异位症、功血及盆腔炎症有专长。
子宫肌瘤,熊小燕,,子宫肌瘤、子宫内膜异位症、卵巢囊肿、子宫脱垂、妇科常见疾病；妇女更年期疾病、妇科内分泌疾病及不孕症等。,首都医科大学附属北京妇产医院,
子宫肌瘤,杨旗,,自凝刀治疗宫颈疾病，子宫肌瘤；内分泌疾病的诊治；微创介入治疗卵巢囊肿。,齐齐哈尔协育友好医院,"杨旗 (妇科 ,妇科门诊 主任医师)，自凝刀治疗宫颈疾病，子宫肌瘤；内分泌疾病的诊治；微创介入治疗卵巢囊肿 。

出诊时间：周一~周五 。"
子宫肌瘤,蒋英,,擅长诊治妇科肿瘤，不孕症、疑难杂症。各种妇产科疾病的手术操作，以及介入治疗子宫肌瘤等。,徐州市第四人民医院,蒋英，主任医师，毕业于滨州医学院。
子宫肌瘤,张建萍,,主要诊治妇科疑难病。如子宫肌瘤、子宫内膜异位症、卵巢囊肿、不孕症、月经不调等。擅长宫腹腔镜手术；如腹腔镜下肌瘤及卵巢囊肿剔除、子宫切除、输卵管整形等；宫腔镜下肌瘤切除、纵膈切开等。,首都医科大学附属北京妇产医院,
子宫肌瘤,陈咏平,,医疗专长： 子宫肌瘤、子宫内膜异位症、子宫脱垂等疾病的治疗 。,上海第一人民医院,"姓名：陈咏平
科室：妇产科
职称：主任医师
专家门诊时间： 星期二上午特需门诊(北部) 星期二下午特需门诊(北部)
毕业于上海第二医科大学，长期从事妇产科临床医疗工作,擅长妇产科常见病、多发病及疑难杂症的诊治，尤其是子宫肌瘤、子宫内膜异位症、子宫脱垂等疾病的治疗以及妇科的各种手术。对女性围绝经期和绝经期的雌激素替代疗法有独到之处。"
子宫肌瘤,吴霞,,诊治卵巢囊肿、子宫肌瘤等妇科常见病和多发病，特别是宫颈病变有较为丰富的诊断经验和较为娴熟的手术操作。,首都医科大学附属北京妇产医院,
气胸,彭品贤,,肺癌、食管及纵隔肿瘤、慢性脓胸、胸部损伤、气胸等疾病的诊断和治疗,广州医科大学附属第二医院,胸外科主任医师，硕士研究生导师，中华医学会广东省胸心外科学会委员，广州市胸心外科学会常委。从事胸外科临床教学及科研工作已39年，
气胸,汪得喜,,处理哮喘、顽固性咳嗽、肺气肿、气胸、胸腔积液（肺积水）等常见病以及对呼吸系统疑难病进行诊治分析。,广州市红十字会医院,副教授、硕士研究生导师、内科主任
气胸,卞京文,姓名：卞京文,女，1966年出生，主任医师，扬州市结防协会委员。1998年在全国重点学科上海第一医学院附属中山医院呼吸科进修。,江苏省苏北人民医院,
气胸,邵华军,,擅长诊治肺癌、哮喘、慢阻肺、肺心病、呼衰，精通胸水、气胸微创治疗及呼吸机，尤其是打呼噜、慢支肺气肿、肺心病的家庭无创呼吸机治。,徐州医学院附属医院,主任医师。
气胸,王凤玲,,对老年病人有爱心、耐心、细心、责任心，严把医疗质量关。对老年心肺功能衰竭、心包及胸腔积液、气胸闭式引流、肿瘤合并症如离子紊乱等、肺性脑病、肺内感染、多脏器综合症的诊断和治疗有丰富的经验,佳木斯大学附属第一医院,"王凤玲 老年病二科科主任,1985年毕业于哈尔滨医科大学医疗系本科，1990年获医学内科硕士学位，2000年担任高干病房副主任、2002年晋主任医师及教授、硕士研究生导师，2003年担任佳木斯大学附属第一医院老年病二科科主任、内科教研室副主任。20多年来，一直在医院临床一线工作，在医疗、教学、科研方面均获得了相应的成绩，尤其在留学生临床英语教学方面表现突出。医疗上深受广大患者信任，对老年病人有爱心、耐心、细心、责任心，严把医疗质量关。对老年心肺功能衰竭、心包及胸腔积液、气胸闭式引流、肿瘤合并症如离子紊乱等、肺性脑病、肺内感染、多脏器综合症的诊断和治疗有丰富的经验，对内科疑难重症患者做到及时、准确地处理，爱岗敬业，多次被评为大学先进工作者、及优秀教师。担任中国老年心脑血管专业委员会委员、黑龙江省中西医结合老年委员会委员、佳木斯医疗事故专家鉴定组成员，佳木斯市政协委员。"
气胸,丁松云,,擅长于呼衰、重症哮喘、高压性气胸等疾病的治疗，较熟练地掌握了纤支镜，经皮肺活检、胸膜活检等操作。,南通市第一人民医院,丁松云，主任医师、教授。
气胸,齐秀芳,,,佳木斯市中心医院,"齐秀芳 呼吸内科副主任 主任医师
1990年毕业于佳木斯医学院，曾在北京朝阳医院，北京呼吸病研究所进修。
专长：呼吸衰竭、肺性脑病、酸碱平衡失调、离子紊乱、肺心病、心衰、支气管扩张、重症哮喘、气胸、肺血管病及肺间质病、肺癌、肺炎、肺脓肿、睡眠呼吸暂停综合症等诊断与治疗,纤维支气管镜的检查及治疗。
格言：尊重患者，尊重生命。"
气胸,孙玉莹,,治疗支气管炎、肺气肿、肺心病，支气管扩张、气胸、呼吸系统肿瘤方面有丰富经验。,哈尔滨市第四医院,"呼吸内科主任,主任医师 ,1963年哈医大医疗系本科毕业。治疗支气管炎、肺气肿、肺心病，支气管扩张、气胸、呼吸系统肿瘤方面有丰富经验。每周一、四在门诊二楼呼吸内科出诊。"
气胸,廖斌,,从事小儿呼吸专业，对小儿呼吸系统疾病、呼吸免疫和小儿哮喘等进行研究。从事儿科门诊急性呼吸道感染病毒、支原体、衣原体病原学的调查研究。,首都儿科研究所附属儿童医院,主任医师。1975年毕业于中国人民解放军第一军医大学医疗系。 从事小儿呼吸专业，对小儿呼吸系统疾病、呼吸免疫和小儿哮喘等进行研究。从事儿科门诊急性呼吸道感染病毒、支原体、衣原体病原学的调查研究。发表多篇论文：《 891例急性呼吸道感染病毒病原学调查》、《奥斯他韦治疗小儿流行性感冒的临床观察》、《儿科医院内获得性肠道感染的探讨》、《穿刺与闭式引流治疗小儿脓胸》、《儿科门诊急性呼吸道感染患儿中肺炎支原体、衣原体病原学监测及临床意义》，参加《中华儿科临床手册》中气胸、脓胸与脓气胸章节的编写。
气胸,张敦华,,专长：肺癌、肺部真菌病、胸膜疾病（气胸、胸腔积液）。,复旦大学附属中山医院,"姓名：张敦华
科室：呼吸科
职称：教授
出诊时间：周二、五上午（特需）
医疗专长：肺癌、肺部真菌病、胸膜疾病（气胸、胸腔积液）。"
肌瘤,王文绣,,月经失调，不孕症，子宫内膜异位症、肌瘤、卵巢囊肿、更年期综合征、及生殖器感染性疾病。,首都医科大学附属北京妇产医院,
肌瘤,张亚兰,,妇科常见病及疑难病症，小儿妇科、子宫肌瘤、卵巢囊肿、子宫脱垂、盆底松驰修复。,首都医科大学附属北京妇产医院,
肌瘤,盛洁,,擅长各类妇科良性疾患的手术和保守治疗，包括腹腔镜治疗卵巢囊肿、子宫内膜异位症、子宫肌瘤、子宫腺肌病、不孕症、宫外孕；宫腔镜治疗子宫内膜息肉、子宫粘膜下肌瘤、子宫纵隔；锥切治疗重度宫颈上皮内瘤样病变及经阴道手术治疗子宫和阴道脱垂等。,首都医科大学附属北京妇产医院,主任医师 医学博士
肌瘤,熊小燕,,子宫肌瘤、子宫内膜异位症、卵巢囊肿、子宫脱垂、妇科常见疾病；妇女更年期疾病、妇科内分泌疾病及不孕症等。,首都医科大学附属北京妇产医院,
肌瘤,杨秀兰,,对治疗子宫肌瘤、子宫内膜异位症、功血及盆腔炎症有专长。,长春市妇产医院,杨秀兰，毕业于白求恩医科大学，主任医师。从事妇产科临床工作三十余年，经验丰富，业务能力强，全面扎实地掌握本专业基础理论和现代医学基本知识，对治疗子宫肌瘤、子宫内膜异位症、功血及盆腔炎症有专长。
肌瘤,杨旗,,自凝刀治疗宫颈疾病，子宫肌瘤；内分泌疾病的诊治；微创介入治疗卵巢囊肿。,齐齐哈尔协育友好医院,"杨旗 (妇科 ,妇科门诊 主任医师)，自凝刀治疗宫颈疾病，子宫肌瘤；内分泌疾病的诊治；微创介入治疗卵巢囊肿 。

出诊时间：周一~周五 。"
肌瘤,蒋英,,擅长诊治妇科肿瘤，不孕症、疑难杂症。各种妇产科疾病的手术操作，以及介入治疗子宫肌瘤等。,徐州市第四人民医院,蒋英，主任医师，毕业于滨州医学院。
肌瘤,张建萍,,主要诊治妇科疑难病。如子宫肌瘤、子宫内膜异位症、卵巢囊肿、不孕症、月经不调等。擅长宫腹腔镜手术；如腹腔镜下肌瘤及卵巢囊肿剔除、子宫切除、输卵管整形等；宫腔镜下肌瘤切除、纵膈切开等。,首都医科大学附属北京妇产医院,
肌瘤,贺稚平,,擅长诊治妇女更年期综合征、月经不调、痛经、子宫肌瘤等,北京中医药大学东直门医院,贺稚平，女，医学硕士，硕士生导师，主任医师。师从我国著名中医妇科专家王子瑜教授，主持参与国家及省部级课题3项，发表论文十余篇。曾赴日本讲学，从事中医妇科医疗30余年，运用中医中药治疗妇科疾病，擅长诊治妇女更年期综合征、月经不调、痛经、子宫肌瘤等
肌瘤,吴霞,,诊治卵巢囊肿、子宫肌瘤等妇科常见病和多发病，特别是宫颈病变有较为丰富的诊断经验和较为娴熟的手术操作。,首都医科大学附属北京妇产医院,
食管癌,傅剑华,,胸部肿瘤的诊断和治疗,中山大学肿瘤防治中心,1981年毕业于中山医科大学医学系，一直从事胸部肿瘤包括：食管癌、肺癌、乳腺癌、纵隔肿瘤等的外科诊治及综合治疗，擅长于食管癌、肺癌及胸部肿瘤复杂的外科手术治疗及胸腔镜微创治疗，对食管癌/肺癌的综合治疗、胸部肿瘤非血管介入手术、早期食管癌内镜微创手术等有深人的研究。
食管癌,方德康,,特别擅长肺癌支气管成型手术、高位食管癌手术、疑难重症病人及高龄病人手术。,中国医学科学院肿瘤医院,1983年毕业于华西医科大学，1989年获协和医科大学硕士学位。一直从事胸部肿瘤外科工作，在肺癌、食管癌、贲门癌、纵隔肿瘤及胸壁肿瘤诊断和外科治疗方面经验丰富。特别擅长肺癌支气管成型手术、高位食管癌手术、疑难重症病人及高龄病人手术。发表研究论文15篇，参编多部专著。
食管癌,万志龙,,擅长于常见肿瘤以及疑难肿瘤的诊断与治疗，在鼻咽癌、脑瘤、食管癌、乳腺癌、淋巴瘤、软组织肿瘤、骨肿瘤以及儿童肿瘤的诊疗方面积累了丰富的临床经验，特别在食管癌、鼻咽癌等肿瘤的放疗技术以及综合治疗方面有独到见解。多次参加国际性学术会议，曾赴美国参加瓦里安关于直线加速器培训班的学习，目前致力于食管癌的放射治疗以及肿瘤综合性治疗的临床研究工作。,南通市肿瘤医院,男，1978年毕业于南通医学院医疗系，主任医师，放疗科副主任，曾在上海市肿瘤医院进修，得到全国知名放疗科专家赵森、王风英等教授的指导。
食管癌,郑如恒,,专长：肺癌、食管癌、纵隔肿瘤。,复旦大学附属中山医院,"姓名：郑如恒
科室：胸外科
职称：主任医师
出诊时间： 周二、五上午
医疗专长：肺癌、食管癌、纵隔肿瘤。"
食管癌,孙克林,,对胸部常见肿瘤如食管癌、肺癌、贲门癌、胸腺瘤、畸胎瘤等纵隔肿瘤及胸壁肿瘤的诊疗经验丰富。,中国医学科学院肿瘤医院,1982年毕业于四川医学院，1990年获协和医科大学博士学位。从事胸部肿瘤外科工作多年，对胸部常见肿瘤如食管癌、肺癌、贲门癌、胸腺瘤、畸胎瘤等纵隔肿瘤及胸壁肿瘤的诊疗经验丰富。曾进行食管癌手术和功能及综合治疗研究、肺癌的手术与综合治疗的临床研究。尤其对于肺部结节的胸腔镜诊疗等微创外科方面有独到之处。
食管癌,相加庆,,诊疗特长: 肺癌、食管癌及胸部肿瘤的诊治。胸腔恶性肿瘤的微创伤根治性手术治疗。,复旦大学附属肿瘤医院,"姓名: 相加庆
科室: 胸外科
职称: 主任医师，硕士生导师

个人简介: 长期从事胸部肿瘤（肺癌、食管癌、纵隔肿瘤、乳腺癌）的外科治疗及综合治疗，在国内较早开展食管癌的三野清扫根治术的研究，积累了丰富的经验。
行政职务: 复旦大学附属肿瘤医院胸外科副主任
门诊时间: 星期一上午"
食管癌,王群,,专长：食管癌、肺癌、胸腔镜。,复旦大学附属中山医院,"姓名：王 群
科室：胸外科
职称：主任医师
出诊时间：周一上午 周五上午(特需)
医疗专长：食管癌、肺癌、胸腔镜。"
食管癌,曾亮,,专长：肺癌、食管癌、胃贲门癌。,复旦大学附属中山医院,"姓名：曾 亮
科室：胸外科
职称：教授
出诊时间：
医疗专长：肺癌、食管癌、胃贲门癌。"
食管癌,石美鑫,,专长：肺癌、食管癌、胃贲门癌。,复旦大学附属中山医院,"姓名：石美鑫
科室：胸外科
职称：教授
出诊时间：特约
医疗专长：肺癌、食管癌、胃贲门癌。"
食管癌,樊天友,,从事胸外科的临床诊治工作30年，擅长食管癌、贲门癌、肺癌、乳腺癌、纵膈肿瘤等胸部常见肿瘤的诊治，尤其对食管癌及乳腺癌以手术为主的综合治疗颇有见地，经验丰富。,南通市肿瘤医院,樊天友，1977年毕业于南通医学院医疗系，外科主任医师，南通市肿瘤医院胸外科主任，南通市心胸外科学会委员。
